office_id;office_nombre;agent_name;agent_type;estado;prioridad;layer;rol_play;repo_id;proposito_tecnico;potencial_comercial;inputs;outputs;pipelines_uso;tablas_db;data_sources;core_metrics;estado_dev;ultima_actualizacion;last_git_touch_utc;update_author;notas;code_path;dev_stream;quality_score;confidence_score;velocity_7d;velocity_30d;churn_30d;stability_days
O3;Research / Deals;agro_climate_yields;development;idea/plan;P3;2 o3;Agro/clima;;Modelar relaciï¿½?ï¿½ï¿½ï¿½ï¿½n clima y rindes;Producto agroclimï¿½?ï¿½ï¿½ï¿½ï¿½tico;datasets climï¿½?ï¿½ï¿½ï¿½ï¿½ticos y series de rindes;modelos y artifacts/agro/*.json;agro_lab;-;research_docs;docs_indexed,questions_answered,user_satisfaction;idea/plan;9/12/2025;;;Seleccionar datasets iniciales y proxies de rendimiento.;;idea_stage;1.000;0.500;0;0;0.000;
O2;INDEC / Andino;andino_catalog (genï¿½?ï¿½ï¿½ï¿½ï¿½rico);development;idea/plan;P0;1 o2;Recolector;;Generalizar indec_catalog para cualquier organizaciï¿½?ï¿½ï¿½ï¿½ï¿½n o portal CKAN;Motor genï¿½?ï¿½ï¿½ï¿½ï¿½rico de descubrimiento de datasets CKAN;APIs CKAN de distintos portales;artifacts/andino_catalog/*.json por organizaciï¿½?ï¿½ï¿½ï¿½ï¿½n;andino_refresh_*;raw_andino_dataset, raw_andino_resource;external_apis,indec_ckan,master_db;rows_processed,error_rate,latency_seconds,data_freshness_days;idea/plan;9/12/2025;;;Core de Prioridad 3 para explotar mï¿½?ï¿½ï¿½ï¿½ï¿½ltiples portales.;;idea_stage;1.000;0.500;0;0;0.000;
O5;Infra / I/O & Export;api_server;development;v0.1;P2;5;Difusor;;Servir datos y reports mediante una API HTTP simple;Backend reutilizable para productos y clientes externos;master.db, archivos de reports y artifacts que expone;endpoints JSON para series, KPIs, datasets y reports;api_server;vistas sobre master.db segï¿½?ï¿½ï¿½ï¿½ï¿½n endpoints;artifacts_fs,external_apis,master_db;reports_generated,delivery_success_rate,latency_seconds,user_reads;needs_refactor;2025-12-15T14:37:59Z;2025-11-10T12:43:27-03:00;human;"Debe incluir autenticaciï¿½?ï¿½ï¿½ï¿½ï¿½n bï¿½?ï¿½ï¿½ï¿½ï¿½sica y lï¿½?ï¿½ï¿½ï¿½ï¿½mites de rate. | [dev_tracker] touched=1 files; tests_ok=False; ts=2025-12-13T18:41:25Z | [dev_tracker] touched=1 files; tests_ok=True; ts=2025-12-13T19:23:25Z | [dev_tracker] touched=1 files; tests_ok=True; ts=2025-12-13T19:40:50Z | [dev_tracker] touched=1 files; tests_ok=False; ts=2025-12-15T13:37:27Z | [dev_tracker] touched=1 files; tests_ok=False; ts=2025-12-15T13:38:07Z | [dev_tracker] touched=1 files; tests_ok=True; ts=2025-12-15T14:37:59Z";agents/api_server/main.py;beta_active;1.000;0.600;0;0;0.000;34
O4;Editorial & Storytelling;astro_bot;development;placeholder;P3;7;Futuro;;Explorar un bot de astrologï¿½?ï¿½ï¿½ï¿½ï¿½a financiera lï¿½?ï¿½ï¿½ï¿½ï¿½dica;Producto alternativo y humorï¿½?ï¿½ï¿½ï¿½ï¿½stico;inputs de calendario, precios, narrativas;outputs de horï¿½?ï¿½ï¿½ï¿½ï¿½scopos y seï¿½?ï¿½ï¿½ï¿½ï¿½ales satï¿½?ï¿½ï¿½ï¿½ï¿½ricas;astro_weekly;-;calendar_feeds;pieces_published,open_rate,click_rate;placeholder;9/12/2025;;;Decidir si se implementa o queda como chiste interno.;;placeholder_experimental;1.000;0.500;0;0;0.000;
O5;Infra / Orquestaciï¿½?ï¿½ï¿½ï¿½ï¿½n;auto_pipeline_recommender;development;idea/plan;P2;6;Advisor;;Proponer pipelines a activar o pausar segï¿½?ï¿½ï¿½ï¿½ï¿½n KPIs y uso;Mï¿½?ï¿½ï¿½ï¿½ï¿½dulo de optimizaciï¿½?ï¿½ï¿½ï¿½ï¿½n de costo beneficio de automatizaciones;kpis de kpi_monitor, metadata de dim_pipeline y dim_job;lista de pipelines sugeridos para subir, bajar o pausar;futuro governance_daily;-;master_db;jobs_scheduled,jobs_failed,jobs_succeeded;idea/plan;9/12/2025;;;Debe integrarse como extensiï¿½?ï¿½ï¿½ï¿½ï¿½n automï¿½?ï¿½ï¿½ï¿½ï¿½tica de governor.;;idea_stage;1.000;0.500;0;0;0.000;
O5;Enriquecedor global;auto_reader;development;v0.1;P2;1;Enriquecedor;;Escanear artifacts recientes y armar briefs multi fuente;Curador automï¿½?ï¿½ï¿½ï¿½ï¿½tico de seï¿½?ï¿½ï¿½ï¿½ï¿½ales diarias;artifacts de rss, macro, cdc, crypto, nexus;artifacts/auto_reader/*.json y *.md con resï¿½?ï¿½ï¿½ï¿½ï¿½menes;auto_reader_daily;futuro fact_auto_reader_hit;artifacts_fs,cdc_prices_telecom,crypto_prices,master_db,nexus_parquets,rss_feeds;items_enriched,coverage_ratio,error_rate,latency_seconds;needs_refactor;2025-12-15T14:37:59Z;2025-11-07T19:38:40-03:00;human;"Debe loggear quï¿½?ï¿½ï¿½ï¿½ï¿½ leyeron y quï¿½?ï¿½ï¿½ï¿½ï¿½ descarta para anï¿½?ï¿½ï¿½ï¿½ï¿½lisis de prioridad. | [dev_tracker] touched=1 files; tests_ok=False; ts=2025-12-13T18:41:25Z | [dev_tracker] touched=1 files; tests_ok=True; ts=2025-12-13T19:23:25Z | [dev_tracker] touched=1 files; tests_ok=True; ts=2025-12-13T19:40:50Z | [dev_tracker] touched=1 files; tests_ok=False; ts=2025-12-15T13:37:27Z | [dev_tracker] touched=1 files; tests_ok=False; ts=2025-12-15T13:38:07Z | [dev_tracker] touched=1 files; tests_ok=True; ts=2025-12-15T14:37:59Z";agents/auto_reader/main.py;beta_active;1.000;0.600;0;0;0.000;37
O5;Market;auto_reader (ya listado);development;v0.1;P2;2;Enriquecedor;;Escanear automï¿½?ï¿½ï¿½ï¿½ï¿½ticamente artifacts de mercado y noticias;Curador especï¿½?ï¿½ï¿½ï¿½ï¿½fico de market intelligence;artifacts de mercado, cripto y macro;resï¿½?ï¿½ï¿½ï¿½ï¿½menes de mercado en artifacts/market_auto_reader/*.md;auto_reader_daily;futuro fact_auto_reader_hit;artifacts_fs,master_db;items_enriched,coverage_ratio,error_rate,latency_seconds;v0.1;9/12/2025;;;Versiï¿½?ï¿½ï¿½ï¿½ï¿½n enfocada en signals de mercado.;;beta_active;1.000;0.500;0;0;0.000;
O1;Cripto & ML Trading;bot_list;development;v0.1;P3;3;Reporte;;Listar modelos y scores locales;Visibilidad del universo de modelos;artifacts/bot_trainer/*.pkl y metadata;listados de modelos en console o reports/bot_list.md;bot_list;-;artifacts_fs;reports_generated,delivery_success_rate,latency_seconds,user_reads;v0.1;9/12/2025;;;Exponer resultados vï¿½?ï¿½ï¿½ï¿½ï¿½a DB o UI en el futuro.;;beta_active;1.000;0.500;0;0;0.000;
O1;Cripto & ML Trading;bot_promote;development;v0.1;P2;3;Selecciï¿½?ï¿½ï¿½ï¿½ï¿½n;;Promover el mejor modelo segï¿½?ï¿½ï¿½ï¿½ï¿½n mï¿½?ï¿½ï¿½ï¿½ï¿½tricas objetivo;Selector de modelo actual;todos los modelos y scores de bot_trainer;artifacts/bot_trainer/model_current.pkl y log de promociones;bot_promote;-;crypto_trading_data;mae,rmse,sharpe_ratio,drawdown_max,drift_score;v0.1;9/12/2025;;;Guardar historial de promociones y razones.;;beta_active;1.000;0.500;0;0;0.000;
O1;Cripto & ML Trading;bot_to_auto_ml;development;v0.1;P2;3 o4;ML + AutoTrader;;Conectar trainer con autotrader;Pipeline puente entre ML y ejecuciï¿½?ï¿½ï¿½ï¿½ï¿½n;modelos seleccionados, configuraciï¿½?ï¿½ï¿½ï¿½ï¿½n de trading;activaciï¿½?ï¿½ï¿½ï¿½ï¿½n de crypto_autotrader con modelo elegido;bot_to_auto_ml;-;crypto_trading_data;mae,rmse,sharpe_ratio,drawdown_max,drift_score;v0.1;9/12/2025;;;Estabilizar para varios sï¿½?ï¿½ï¿½ï¿½ï¿½mbolos y timeframes.;;beta_active;1.000;0.500;0;0;0.000;
O1;Cripto & ML Trading;bot_to_auto_ml_universe;development;v0.1;P2;3 o4;ML multi-asset;;Aplicar bot_to_auto_ml a mï¿½?ï¿½ï¿½ï¿½ï¿½ltiples pares;Pipeline multi asset;lista de sï¿½?ï¿½ï¿½ï¿½ï¿½mbolos, modelos por sï¿½?ï¿½ï¿½ï¿½ï¿½mbolo, OHLCV;autotraders por sï¿½?ï¿½ï¿½ï¿½ï¿½mbolo y mï¿½?ï¿½ï¿½ï¿½ï¿½tricas consolidadas;bot_to_auto_ml_universe;-;crypto_prices;mae,rmse,sharpe_ratio,drawdown_max,drift_score;v0.1;9/12/2025;;;Guardar resultados por sï¿½?ï¿½ï¿½ï¿½ï¿½mbolo en DB para anï¿½?ï¿½ï¿½ï¿½ï¿½lisis cross.;;beta_active;1.000;0.500;0;0;0.000;
O1;Cripto & ML Trading;bot_trainer;development;v0.1;P1;3;Trainer;;Entrenar modelos ML desde OHLCV y features;Fï¿½?ï¿½ï¿½ï¿½ï¿½brica de modelos de trading;bases fact_crypto_ohlcv y feature store;artifacts/bot_trainer/*.pkl y reports de entrenamiento;bot_train, bot_to_auto_ml_universe;no usa DB todavï¿½?ï¿½ï¿½ï¿½ï¿½a;crypto_prices,master_db;mae,rmse,sharpe_ratio,drawdown_max,drift_score;needs_refactor;2025-12-15T14:37:59Z;2025-11-13T14:39:13-03:00;human;"Crear registro de experimentos y mï¿½?ï¿½ï¿½ï¿½ï¿½tricas en DB. | [dev_tracker] touched=2 files; tests_ok=False; ts=2025-12-13T18:41:25Z | [dev_tracker] touched=2 files; tests_ok=True; ts=2025-12-13T19:23:25Z | [dev_tracker] touched=2 files; tests_ok=True; ts=2025-12-13T19:40:50Z | [dev_tracker] touched=2 files; tests_ok=False; ts=2025-12-15T13:37:27Z | [dev_tracker] touched=2 files; tests_ok=False; ts=2025-12-15T13:38:07Z | [dev_tracker] touched=2 files; tests_ok=True; ts=2025-12-15T14:37:59Z";agents/bot_trainer/main.py;beta_active;1.000;0.600;0;0;0.000;31
O5;Ops & Productividad;calendar_ops;development;idea/plan;P3;0-1;Recolector;;Usar calendarios ICS o Google para programar corridas y reportes;Scheduler orientado a calendario para clientes y equipos;archivos ICS, API de Google Calendar;eventos transformados en jobs y pipelines agendados;futuro calendar_ops_pipeline;-;calendar_feeds,external_apis;rows_processed,error_rate,latency_seconds,data_freshness_days;idea/plan;9/12/2025;2025-11-03T11:54:15-03:00;;Conectar luego con orchestrator y governor para cadencias ï¿½?ï¿½ï¿½ï¿½ï¿½ptimas.;agents/calendar_ops/__init__.py;idea_stage;1.000;0.500;0;0;0.000;41
O2;CDC / Canasta digital;cdc_builder;development;stub;P3;2 o3;Glue;;Actuar como glue para pipelines CDC;Abstracciï¿½?ï¿½ï¿½ï¿½ï¿½n para refactor de CDC;config de pipelines CDC, artifacts de cdc_prices y cdc_telecom;pipelines CDC reorquestados o renombrados;cdc_refactor;-;artifacts_fs,cdc_prices_telecom;series_updated,data_freshness_days,forecast_error;stub;9/12/2025;;;Puede desaparecer si se unifica la arquitectura.;;stub_prototype;1.000;0.500;0;0;0.000;
O2;CDC / Canasta digital;cdc_index;development;v0.1;P1;2;ï¿½?ï¿½ï¿½ï¿½ï¿½ndice;;Construir ï¿½?ï¿½ï¿½ï¿½ï¿½ndices IPAD y CMC de canasta digital;Indicadores de costo de vida digital;fact_cdc_price, fact_cdc_telecom;registros en fact_cdc_index;ycdc_daily, nexus_global_daily;fact_cdc_index;cdc_prices_telecom,master_db,nexus_parquets;series_updated,data_freshness_days,forecast_error;needs_refactor;2025-12-15T14:37:59Z;2025-12-01T12:17:17-03:00;human;"Agregar breakdown geogrï¿½?ï¿½ï¿½ï¿½ï¿½fico y demogrï¿½?ï¿½ï¿½ï¿½ï¿½fico. | [dev_tracker] touched=2 files; tests_ok=False; ts=2025-12-13T18:41:25Z | [dev_tracker] touched=2 files; tests_ok=True; ts=2025-12-13T19:23:25Z | [dev_tracker] touched=2 files; tests_ok=True; ts=2025-12-13T19:40:50Z | [dev_tracker] touched=2 files; tests_ok=False; ts=2025-12-15T13:37:27Z | [dev_tracker] touched=2 files; tests_ok=False; ts=2025-12-15T13:38:07Z | [dev_tracker] touched=2 files; tests_ok=True; ts=2025-12-15T14:37:59Z";agents/cdc_index/main.py;beta_active;1.000;0.600;0;0;0.000;13
O2;CDC / Canasta digital;cdc_prices;development;v0.1;P1;1;Recolector;;Scrapear precios de la canasta digital;Base de costo digital para hogares;webs de retailers y sitios de precios digitales;artifacts/cdc_prices/*.json y CSV en data/cdc/prices;cdc_daily, nexus_global_daily;raw_cdc_price vï¿½?ï¿½ï¿½ï¿½ï¿½a loader_cdc;cdc_prices_telecom,master_db,nexus_parquets;rows_processed,error_rate,latency_seconds,data_freshness_days;needs_refactor;2025-12-15T14:37:59Z;2025-12-01T12:17:17-03:00;human;"Ampliar cobertura de productos, geos y frecuencia. | [dev_tracker] touched=2 files; tests_ok=False; ts=2025-12-13T18:41:25Z | [dev_tracker] touched=2 files; tests_ok=True; ts=2025-12-13T19:23:25Z | [dev_tracker] touched=2 files; tests_ok=True; ts=2025-12-13T19:40:50Z | [dev_tracker] touched=2 files; tests_ok=False; ts=2025-12-15T13:37:27Z | [dev_tracker] touched=2 files; tests_ok=False; ts=2025-12-15T13:38:07Z | [dev_tracker] touched=2 files; tests_ok=True; ts=2025-12-15T14:37:59Z";agents/cdc_prices/main.py;beta_active;1.000;0.600;0;0;0.000;13
O2;CDC / Canasta digital;cdc_telecom;development;v0.1;P1;1;Recolector;;Scrapear planes y precios de telecom;Base de servicios de conectividad;webs de telcos y comparadores;artifacts/cdc_telecom/*.json y CSV en data/cdc/telecom;cdc_daily, nexus_global_daily;raw_cdc_telecom vï¿½?ï¿½ï¿½ï¿½ï¿½a loader_cdc;cdc_prices_telecom,master_db,nexus_parquets;rows_processed,error_rate,latency_seconds,data_freshness_days;needs_refactor;2025-12-15T14:37:59Z;2025-12-01T12:17:17-03:00;human;"Coherencia con cdc_prices para anï¿½?ï¿½ï¿½ï¿½ï¿½lisis conjunto. | [dev_tracker] touched=2 files; tests_ok=False; ts=2025-12-13T18:41:25Z | [dev_tracker] touched=2 files; tests_ok=True; ts=2025-12-13T19:23:25Z | [dev_tracker] touched=2 files; tests_ok=True; ts=2025-12-13T19:40:50Z | [dev_tracker] touched=2 files; tests_ok=False; ts=2025-12-15T13:37:27Z | [dev_tracker] touched=2 files; tests_ok=False; ts=2025-12-15T13:38:07Z | [dev_tracker] touched=2 files; tests_ok=True; ts=2025-12-15T14:37:59Z";agents/cdc_telecom/main.py;beta_active;1.000;0.600;0;0;0.000;13
O1;Cripto & ML Trading;crypto_autotrader;development;v0.1;P2;3;Autotrader;;Autotrader gestionado en sim o testnet;Producto casi productivo;seï¿½?ï¿½ï¿½ï¿½ï¿½ales, credenciales de exchange, parï¿½?ï¿½ï¿½ï¿½ï¿½metros de riesgo;logs de ï¿½?ï¿½ï¿½ï¿½ï¿½rdenes reales o simuladas y mï¿½?ï¿½ï¿½ï¿½ï¿½tricas;crypto_autotrader;futuro auto_trade_logs;crypto_prices;trades_simulated,sharpe_ratio,max_drawdown;needs_refactor;2025-12-15T14:37:59Z;2025-11-13T14:39:13-03:00;human;"Preparar para producciï¿½?ï¿½ï¿½ï¿½ï¿½n con capas de riesgo y auditorï¿½?ï¿½ï¿½ï¿½ï¿½a. | [dev_tracker] touched=2 files; tests_ok=False; ts=2025-12-13T18:41:25Z | [dev_tracker] touched=2 files; tests_ok=True; ts=2025-12-13T19:23:25Z | [dev_tracker] touched=2 files; tests_ok=True; ts=2025-12-13T19:40:50Z | [dev_tracker] touched=2 files; tests_ok=False; ts=2025-12-15T13:37:27Z | [dev_tracker] touched=2 files; tests_ok=False; ts=2025-12-15T13:38:07Z | [dev_tracker] touched=2 files; tests_ok=True; ts=2025-12-15T14:37:59Z";agents/crypto_autotrader/main.py;beta_active;1.000;0.600;0;0;0.000;31
O1;Cripto & ML Trading;crypto_backtest;development;v0.2;P1;3;Modelo;;Backtest de estrategias con mï¿½?ï¿½ï¿½ï¿½ï¿½tricas;Motor de evaluaciï¿½?ï¿½ï¿½ï¿½ï¿½n sistemï¿½?ï¿½ï¿½ï¿½ï¿½tico;fact_crypto_ohlcv, seï¿½?ï¿½ï¿½ï¿½ï¿½ales de crypto_signals y otros;artifacts/crypto/backtest/*.json y charts de equity;crypto_daily, crypto_backtest_manual;-;crypto_prices,master_db;mae,rmse,sharpe_ratio,drawdown_max,drift_score;needs_refactor;2025-12-15T14:37:59Z;2025-11-11T17:43:19-03:00;human;"Persistir resultados clave en DB para ranking histï¿½?ï¿½ï¿½ï¿½ï¿½rico. | [dev_tracker] touched=1 files; tests_ok=False; ts=2025-12-13T18:41:25Z | [dev_tracker] touched=1 files; tests_ok=True; ts=2025-12-13T19:23:25Z | [dev_tracker] touched=1 files; tests_ok=True; ts=2025-12-13T19:40:50Z | [dev_tracker] touched=1 files; tests_ok=False; ts=2025-12-15T13:37:27Z | [dev_tracker] touched=1 files; tests_ok=False; ts=2025-12-15T13:38:07Z | [dev_tracker] touched=1 files; tests_ok=True; ts=2025-12-15T14:37:59Z";agents/crypto_backtest/main.py;beta_active;1.000;0.600;0;0;0.000;33
O1;Cripto & ML Trading;crypto_backtest_daily (pipeline);development;v0.1;P2;3;Orquestador;;Correr backtests diarios y generar factsheet;Pipeline de monitoreo diario;config de estrategias, OHLCV, resultados previos;equity curves, metrics y factsheet diarios;crypto_daily;futuro fact_kpi_event;crypto_prices,master_db;trades_simulated,sharpe_ratio,max_drawdown;v0.1;9/12/2025;;;Vincular con governor y kpi_global para monitoreo de desempeï¿½?ï¿½ï¿½ï¿½ï¿½o.;;beta_active;1.000;0.500;0;0;0.000;
O1;Cripto & ML Trading;crypto_competitor;development;v0.1;P2;3;Ranking;;Competir estrategias y generar leaderboard;Tablero de selecciï¿½?ï¿½ï¿½ï¿½ï¿½n de estrategias;resultados de mï¿½?ï¿½ï¿½ï¿½ï¿½ltiples backtests;artifacts/crypto/compete/*.json y futuros leaderboard en DB;crypto_leaderboard;futuro fact_crypto_leaderboard;crypto_prices,master_db;trades_simulated,sharpe_ratio,max_drawdown;needs_refactor;2025-12-15T14:37:59Z;2025-11-13T14:39:13-03:00;human;"Crear tabla leaderboard para histï¿½?ï¿½ï¿½ï¿½ï¿½rico comparado. | [dev_tracker] touched=2 files; tests_ok=False; ts=2025-12-13T18:41:25Z | [dev_tracker] touched=2 files; tests_ok=True; ts=2025-12-13T19:23:25Z | [dev_tracker] touched=2 files; tests_ok=True; ts=2025-12-13T19:40:50Z | [dev_tracker] touched=2 files; tests_ok=False; ts=2025-12-15T13:37:27Z | [dev_tracker] touched=2 files; tests_ok=False; ts=2025-12-15T13:38:07Z | [dev_tracker] touched=2 files; tests_ok=True; ts=2025-12-15T14:37:59Z";agents/crypto_competitor/main.py;beta_active;1.000;0.600;0;0;0.000;31
O1;Cripto & ML Trading;crypto_factsheet;development;v0.1;P2;4;Narrador;;Generar factsheets a partir de backtests;Piezas comerciales y tï¿½?ï¿½ï¿½ï¿½ï¿½cnicas para estrategias;resultados de crypto_backtest y meta de estrategias;reports/crypto/factsheet_*.md;crypto_daily, crypto_report;-;crypto_prices;reports_generated,delivery_success_rate,latency_seconds,user_reads;needs_refactor;2025-12-15T14:37:59Z;2025-11-11T17:43:19-03:00;human;"Integrar con editorial y prompt_publisher. | [dev_tracker] touched=1 files; tests_ok=False; ts=2025-12-13T18:41:25Z | [dev_tracker] touched=1 files; tests_ok=True; ts=2025-12-13T19:23:25Z | [dev_tracker] touched=1 files; tests_ok=True; ts=2025-12-13T19:40:50Z | [dev_tracker] touched=1 files; tests_ok=False; ts=2025-12-15T13:37:27Z | [dev_tracker] touched=1 files; tests_ok=False; ts=2025-12-15T13:38:07Z | [dev_tracker] touched=1 files; tests_ok=True; ts=2025-12-15T14:37:59Z";agents/crypto_factsheet/main.py;beta_active;1.000;0.600;0;0;0.000;33
O1;Cripto & ML Trading;crypto_replay;development;v0.1;P3;4;Narrador;;Replay de sesiones y curvas de equity;Herramienta educativa y de auditorï¿½?ï¿½ï¿½ï¿½ï¿½a;logs de trading o backtests;replays visuales y narrativas en reports/crypto/replay/*.md;crypto_replay;-;crypto_prices;reports_generated,delivery_success_rate,latency_seconds,user_reads;needs_refactor;2025-12-15T14:37:59Z;2025-11-11T17:43:19-03:00;human;"ï¿½?ï¿½ï¿½ï¿½ï¿½til para post mortem y formaciï¿½?ï¿½ï¿½ï¿½ï¿½n. | [dev_tracker] touched=1 files; tests_ok=False; ts=2025-12-13T18:41:25Z | [dev_tracker] touched=1 files; tests_ok=True; ts=2025-12-13T19:23:25Z | [dev_tracker] touched=1 files; tests_ok=True; ts=2025-12-13T19:40:50Z | [dev_tracker] touched=1 files; tests_ok=False; ts=2025-12-15T13:37:27Z | [dev_tracker] touched=1 files; tests_ok=False; ts=2025-12-15T13:38:07Z | [dev_tracker] touched=1 files; tests_ok=True; ts=2025-12-15T14:37:59Z";agents/crypto_replay/main.py;beta_active;1.000;0.600;0;0;0.000;33
O1;Cripto & ML Trading;crypto_signals;development;v0.1;P1;3;Modelo;;Generar seï¿½?ï¿½ï¿½ï¿½ï¿½ales heurï¿½?ï¿½ï¿½ï¿½ï¿½sticas SMA sobre OHLCV;Estrategias baseline de trading;fact_crypto_ohlcv y features derivados;artifacts/crypto/signals/*.csv con BUY SELL HOLD;crypto_signals_daily;futuro fact_crypto_signals;crypto_prices,master_db;mae,rmse,sharpe_ratio,drawdown_max,drift_score;needs_refactor;2025-12-15T14:37:59Z;2025-11-10T13:13:02-03:00;human;"Persistir seï¿½?ï¿½ï¿½ï¿½ï¿½ales en DB para backtests. | [dev_tracker] touched=2 files; tests_ok=False; ts=2025-12-13T18:41:25Z | [dev_tracker] touched=2 files; tests_ok=True; ts=2025-12-13T19:23:25Z | [dev_tracker] touched=2 files; tests_ok=True; ts=2025-12-13T19:40:50Z | [dev_tracker] touched=2 files; tests_ok=False; ts=2025-12-15T13:37:27Z | [dev_tracker] touched=2 files; tests_ok=False; ts=2025-12-15T13:38:07Z | [dev_tracker] touched=2 files; tests_ok=True; ts=2025-12-15T14:37:59Z";agents/crypto_signals/main.py;beta_active;1.000;0.600;0;0;0.000;34
O1;Cripto & ML Trading;crypto_signals_batch;development;v0.1;P1;3;Modelo batch;;Generar seï¿½?ï¿½ï¿½ï¿½ï¿½ales SMA para varios sï¿½?ï¿½ï¿½ï¿½ï¿½mbolos y archivos;Motor para universos grandes;varios CSV en data/crypto/*.csv;batch de artifacts/crypto/signals_batch/*.csv;crypto_signals_batch;futuro fact_crypto_signals;crypto_prices,master_db;mae,rmse,sharpe_ratio,drawdown_max,drift_score;v0.1;9/12/2025;;;Pensado para procesamiento masivo off line.;;beta_active;1.000;0.500;0;0;0.000;
O1;Cripto & ML Trading;crypto_signals_live;development;v0.1;P2;3;Modelo live;;Calcular seï¿½?ï¿½ï¿½ï¿½ï¿½ales en tiempo casi real;Base para live trading;WebSocket o APIs live de exchange, estado de posiciones;seï¿½?ï¿½ï¿½ï¿½ï¿½ales en artifacts/crypto/live_signals/*.json;crypto_signals_live;live artifacts;artifacts_fs,crypto_prices,external_apis;mae,rmse,sharpe_ratio,drawdown_max,drift_score;v0.1;9/12/2025;;;Falta conectar a exchange real y risk engine.;;beta_active;1.000;0.500;0;0;0.000;
O1;Cripto & ML Trading;crypto_trader;development;v0.1;P2;3;Paper trader;;Ejecutar estrategias en modo paper;Simulador de ejecuciï¿½?ï¿½ï¿½ï¿½ï¿½n discreta;seï¿½?ï¿½ï¿½ï¿½ï¿½ales de modelos, estado de cuenta simulado;logs de ï¿½?ï¿½ï¿½ï¿½ï¿½rdenes y posiciones en artifacts/crypto/paper_trades/*.json;crypto_paper;-;crypto_prices;trades_simulated,sharpe_ratio,max_drawdown;needs_refactor;2025-12-15T14:37:59Z;2025-11-11T17:43:19-03:00;human;"Conectar con autotrader y risk engine. | [dev_tracker] touched=1 files; tests_ok=False; ts=2025-12-13T18:41:25Z | [dev_tracker] touched=1 files; tests_ok=True; ts=2025-12-13T19:23:25Z | [dev_tracker] touched=1 files; tests_ok=True; ts=2025-12-13T19:40:50Z | [dev_tracker] touched=1 files; tests_ok=False; ts=2025-12-15T13:37:27Z | [dev_tracker] touched=1 files; tests_ok=False; ts=2025-12-15T13:38:07Z | [dev_tracker] touched=1 files; tests_ok=True; ts=2025-12-15T14:37:59Z";agents/crypto_trader/main.py;beta_active;1.000;0.600;0;0;0.000;33
O5;Ingesta genï¿½?ï¿½ï¿½ï¿½ï¿½rica;csv_ingestor (csv_agent);development;v0.1;P3;1;Recolector;;Convertir CSV genï¿½?ï¿½ï¿½ï¿½ï¿½ricos a JSON normalizado en artifacts/csv;Herramienta de ingesta rï¿½?ï¿½ï¿½ï¿½ï¿½pida para prototipos y pruebas;archivos CSV manuales o externos;artifacts/csv/*.json con filas estructuradas;csv_demo;futuro raw_csv_dataset;master_db;rows_processed,error_rate,latency_seconds,data_freshness_days;v0.1;9/12/2025;;;Decidir si se integra al lago general o queda como utilitario.;;beta_active;1.000;0.500;0;0;0.000;
O5;Infra / I/O & Export;data_exporter;development;v0.1;P1;5;Difusor;;Exportar datos consolidados desde master.db e integrator a CSV y JSON;Mï¿½?ï¿½ï¿½ï¿½ï¿½dulo de salida estï¿½?ï¿½ï¿½ï¿½ï¿½ndar para analistas y clientes;tablas fact y dim de master.db, artifacts/integrator/*.json;archivos CSV y JSON en exports/**;data_exporter;tablas fact_* y vistas de reporting;artifacts_fs,master_db;reports_generated,delivery_success_rate,latency_seconds,user_reads;needs_refactor;2025-12-15T14:37:59Z;2025-11-11T17:43:19-03:00;human;"Refactor futuro para cubrir series y KPIs con formato estable. | [dev_tracker] touched=2 files; tests_ok=False; ts=2025-12-13T18:41:25Z | [dev_tracker] touched=2 files; tests_ok=True; ts=2025-12-13T19:23:25Z | [dev_tracker] touched=2 files; tests_ok=True; ts=2025-12-13T19:40:50Z | [dev_tracker] touched=2 files; tests_ok=False; ts=2025-12-15T13:37:27Z | [dev_tracker] touched=2 files; tests_ok=False; ts=2025-12-15T13:38:07Z | [dev_tracker] touched=2 files; tests_ok=True; ts=2025-12-15T14:37:59Z";agents/data_exporter/main.py;beta_active;1.000;0.600;0;0;0.000;33
O5;Data Lake & Loaders;data_lake_loader;development;idea/plan;P0;1 o2;Loader;;Leer artifacts nuevos por dï¿½?ï¿½ï¿½ï¿½ï¿½a y cargar tablas raw y fact en master.db;Data lake loader automatizado y generalizable;artifacts generados diariamente en artifacts/**;inserciones en tablas raw_* y fact_* correspondientes;data_lake_loader;raw_*, fact_*;artifacts_fs,master_db;rows_processed,error_rate,latency_seconds,data_freshness_days;needs_refactor;2025-12-15T14:37:59Z;2025-12-11T20:03:04-03:00;human;"Prioridad alta para consolidar la capa de ingesta. | [dev_tracker] touched=1 files; tests_ok=False; ts=2025-12-13T18:41:25Z | [dev_tracker] touched=1 files; tests_ok=True; ts=2025-12-13T19:23:25Z | [dev_tracker] touched=1 files; tests_ok=True; ts=2025-12-13T19:40:50Z | [dev_tracker] touched=1 files; tests_ok=False; ts=2025-12-15T13:37:27Z | [dev_tracker] touched=1 files; tests_ok=False; ts=2025-12-15T13:38:07Z | [dev_tracker] touched=1 files; tests_ok=True; ts=2025-12-15T14:37:59Z";agents/data_lake_loader/main.py;idea_stage;1.000;0.600;0;0;0.000;3
O6;DataOps / Labeling / Datasets;data_quality_monitor;observer;idea/plan;P0;2 o6;Calidad global;;Monitorear calidad de tablas fact y datasets del registry y generar KPIs;Visiï¿½?ï¿½ï¿½ï¿½ï¿½n unificada de salud de datos para governance;tablas fact_* del master.db y datasets registrados;data_quality_daily.json o md y registros en fact_kpi_event;data_quality_daily, governance_daily;fact_kpi_event, fact_series, fact_cdc_price, fact_digital_poverty, fact_crypto_ohlcv;cdc_prices_telecom,crypto_prices,master_db;datasets_registered,labels_created,data_quality_score;idea/plan;9/12/2025;;;Funde la visiï¿½?ï¿½ï¿½ï¿½ï¿½n original de O5 con DataOps para QA total.;;idea_stage;1.000;0.500;0;0;0.000;
O6;DataOps / Labeling / Datasets;dataset_builder;development;nuevo;P0;1 o2;Dataset maker;;Construir datasets entrenables y estandarizados desde artifacts y tablas crudas;Pieza troncal de la vertical de datos maestros;artifacts de RSS, macro, cdc, crypto, nexus y tablas raw y fact;datasets versionados en parquet, csv o jsonl y manifest.json por dominio;dataset_builder, data_lake_loader, macro_global_daily, nexus_global_daily, crypto_ml_daily;dim_dataset, fact_resource_file, futura dim_dataset_version, fact_dataset_file;artifacts_fs,cdc_prices_telecom,crypto_prices,master_db,nexus_parquets,rss_feeds;rows_processed,error_rate,latency_seconds,data_freshness_days;no_implementado;9/12/2025;;;Debe respetar un contrato claro de schema por dominio.;;planned_not_implemented;1.000;0.500;0;0;0.000;
O6;DataOps / Labeling / Datasets;dataset_cleaner;development;nuevo;P0;2;Dataset fixer;;Limpiar, deduplicar, imputar y normalizar datasets producidos por dataset_builder;QA y preprocesamiento para labeling y training;datasets brutos generados por dataset_builder;datasets limpios mï¿½?ï¿½ï¿½ï¿½ï¿½s cleanup_report.json o md con mï¿½?ï¿½ï¿½ï¿½ï¿½tricas;dataset_cleaner, macro_global_daily, nexus_global_daily, crypto_ml_daily;futura dim_dataset_version, fact_dataset_file con flags de calidad;crypto_prices,master_db,nexus_parquets;rows_processed,error_rate,latency_seconds,data_freshness_days;no_implementado;9/12/2025;;;Aplicar reglas de calidad especï¿½?ï¿½ï¿½ï¿½ï¿½ficas por dominio.;;planned_not_implemented;1.000;0.500;0;0;0.000;
O6;DataOps / Labeling / Datasets;dataset_labeler_auto;development;nuevo;P1;2 o3;Etiquetador automï¿½?ï¿½ï¿½ï¿½ï¿½tico;;Generar etiquetas automï¿½?ï¿½ï¿½ï¿½ï¿½ticas preliminares con modelos ML;Reducir costo humano de anotaciï¿½?ï¿½ï¿½ï¿½ï¿½n manual;datasets crudos o limpios, modelos base de NLP y clasificaciï¿½?ï¿½ï¿½ï¿½ï¿½n;datasets etiquetados preliminarmente con scores de confianza;dataset_labeler_auto, macro_global_daily, crypto_ml_daily;futuro fact_labels_auto, dim_label_model;crypto_prices,master_db;datasets_registered,labels_created,data_quality_score;no_implementado;9/12/2025;;;Servir como primer pase antes de human_loop.;;planned_not_implemented;1.000;0.500;0;0;0.000;
O6;DataOps / Labeling / Datasets;dataset_labeler_human_loop;development;nuevo;P2;2 o3;Etiquetador humano;;Orquestar circuitos human in the loop para etiquetas de alta calidad;Crear datasets gold para dominios crï¿½?ï¿½ï¿½ï¿½ï¿½ticos;datasets limpios de texto o tabulares;datasets anotados mï¿½?ï¿½ï¿½ï¿½ï¿½s mï¿½?ï¿½ï¿½ï¿½ï¿½tricas de acuerdo y trazabilidad de anotadores;dataset_labeler_human_loop, research_daily, nexus_global_daily;futuro fact_labels_human, dim_label_task;master_db,nexus_parquets;datasets_registered,labels_created,data_quality_score;no_implementado;9/12/2025;;;Clave para NER, sentimiento avanzado, riesgo y regï¿½?ï¿½ï¿½ï¿½ï¿½menes.;;planned_not_implemented;1.000;0.500;0;0;0.000;
O6;DataOps / Labeling / Datasets;dataset_mining_prospects;development;v0.1;P1;2 o3;Dataset maker;;Construir dataset entrenable de prospectos mineros;Input para ranking, clustering y scoring de oportunidades mineras;data/segemar/geo_index.csv;artifacts/datasets/mining_prospects_*.csv y *.json + data/datasets/mining_prospects_latest.csv;dataset_mining_prospects_daily;dim_dataset;;;needs_refactor;2025-12-15T14:37:59Z;;human;"[dev_tracker] touched=1 files; tests_ok=False; ts=2025-12-13T18:41:25Z | [dev_tracker] touched=1 files; tests_ok=True; ts=2025-12-13T19:23:25Z | [dev_tracker] touched=1 files; tests_ok=True; ts=2025-12-13T19:40:50Z | [dev_tracker] touched=1 files; tests_ok=False; ts=2025-12-15T13:37:27Z | [dev_tracker] touched=1 files; tests_ok=False; ts=2025-12-15T13:38:07Z | [dev_tracker] touched=1 files; tests_ok=True; ts=2025-12-15T14:37:59Z";;;1.000;0.600;0;0;0.000;
O6;DataOps / Labeling / Datasets;dataset_publisher;development;nuevo;P2;4 o5;Difusor datasets;;Publicar datasets estabilizados vï¿½?ï¿½ï¿½ï¿½ï¿½a API o HTTP con docs automï¿½?ï¿½ï¿½ï¿½ï¿½ticas;Producto de datos listo para clientes y otras oficinas;datasets estables registrados en dataset_registry;endpoints de datasets y documentaciï¿½?ï¿½ï¿½ï¿½ï¿½n md o HTML;dataset_publisher, api_server;vistas sobre dim_dataset_version y fact_dataset_file;external_apis,master_db;reports_generated,delivery_success_rate,latency_seconds,user_reads;no_implementado;9/12/2025;;;Facilita venta de datos y colaboraciï¿½?ï¿½ï¿½ï¿½ï¿½n entre oficinas.;;planned_not_implemented;1.000;0.500;0;0;0.000;
O6;DataOps / Labeling / Datasets;dataset_registry;development;nuevo;P0;5;Registro datasets;;Mantener registro y versionado de datasets con linaje y uso;HuggingFace interno adaptado al ecosistema;datasets limpios y etiquetados de DataOps;registry.json y registros en dim_dataset y fact_dataset_file;dataset_registry, governance_daily;dim_dataset, futura dim_dataset_version, fact_dataset_file;master_db;datasets_registered,labels_created,data_quality_score;no_implementado;9/12/2025;;;Conectar datasets con modelos, pipelines y productos.;;planned_not_implemented;1.000;0.500;0;0;0.000;
O6;DataOps / Labeling / Datasets;dataset_synthesizer;development;nuevo;P2;3;Generador sintï¿½?ï¿½ï¿½ï¿½ï¿½tico;;Generar datos sintï¿½?ï¿½ï¿½ï¿½ï¿½ticos realistas para texto, series y tabulares;Robustecer modelos donde faltan observaciones o escenarios;datasets base reales y constraints;datasets sintï¿½?ï¿½ï¿½ï¿½ï¿½ticos mï¿½?ï¿½ï¿½ï¿½ï¿½s synth_report.json con controles;dataset_synthesizer, bot_train, macro_ml_lab;futuro fact_dataset_synth;master_db;datasets_registered,labels_created,data_quality_score;no_implementado;9/12/2025;;;Cuidar privacidad y plausibilidad de los datos generados.;;planned_not_implemented;1.000;0.500;0;0;0.000;
O3;Research / Deals;deal_desk;development;v0.1;P2;3 o4;Analista;;Calcular NPV, WACC y generar memo de deals;Desk financiero para deals y proyectos;inputs de cashflows, tasas y supuestos;reports/deals/*.md y artifacts/deals/*.json;deal_weekly;futuro fact_deal;master_db;items_enriched,coverage_ratio,error_rate,latency_seconds;needs_refactor;2025-12-15T14:37:59Z;2025-11-11T17:43:19-03:00;human;"Guardar escenarios en DB y versionarlos. | [dev_tracker] touched=1 files; tests_ok=False; ts=2025-12-13T18:41:25Z | [dev_tracker] touched=1 files; tests_ok=True; ts=2025-12-13T19:23:25Z | [dev_tracker] touched=1 files; tests_ok=True; ts=2025-12-13T19:40:50Z | [dev_tracker] touched=1 files; tests_ok=False; ts=2025-12-15T13:37:27Z | [dev_tracker] touched=1 files; tests_ok=False; ts=2025-12-15T13:38:07Z | [dev_tracker] touched=1 files; tests_ok=True; ts=2025-12-15T14:37:59Z";agents/deal_desk/main.py;beta_active;1.000;0.600;0;0;0.000;33
O4;Editorial & Storytelling;design_comms;development;idea/plan;P3;4;Narrador;;Definir guidelines de diseï¿½?ï¿½ï¿½ï¿½ï¿½o y branding;Marco de diseï¿½?ï¿½ï¿½ï¿½ï¿½o para todos los productos;insumos de marketing y piezas existentes;documentos de guï¿½?ï¿½ï¿½ï¿½ï¿½a en reports/design_comms/*.md;design_comms_lab;-;editorial_assets;reports_generated,delivery_success_rate,latency_seconds,user_reads;idea/plan;9/12/2025;2025-11-03T11:54:15-03:00;;Debe bajar a componentes concretos de UI y templates.;agents/design_comms/__init__.py;idea_stage;1.000;0.500;0;0;0.000;41
O5;Infra / Orquestaciï¿½?ï¿½ï¿½ï¿½ï¿½n;dev_tracker;observer;idea/plan;P0;6;Gobernanza;;Revisar diffs de git, tests y loaders para actualizar el tracker de agentes;Agente de project ops que reduce overhead de management;historial git, resultados de pytest y mypy, archivo AGENTES_TRACKER.xlsx o tabla equivalente;artifacts/dev_tracker/*.json y reports/dev_tracker.md con avances y bloqueos;governance_daily;dim_job, dim_pipeline, futura dim_dev_session;master_db;runs_per_day,pipelines_covered,alerts_generated,error_rate;needs_refactor;2025-12-15T14:37:59Z;2025-12-13T16:40:25-03:00;human;"Este es el agente de seguimiento diario de desarrollo que pediste. | [dev_tracker] touched=1 files; tests_ok=False; ts=2025-12-13T18:41:25Z | [dev_tracker] touched=1 files; tests_ok=True; ts=2025-12-13T19:23:25Z | [dev_tracker] touched=1 files; tests_ok=True; ts=2025-12-13T19:40:50Z | [dev_tracker] touched=1 files; tests_ok=False; ts=2025-12-15T13:37:27Z | [dev_tracker] touched=1 files; tests_ok=False; ts=2025-12-15T13:38:07Z | [dev_tracker] touched=1 files; tests_ok=True; ts=2025-12-15T14:37:59Z";agents/dev_tracker/main.py;idea_stage;1.000;0.600;0;0;0.000;1
O2;EPH / Nexus;digital_poverty;development;v0.1;P1;3;Modelo;;Calcular ï¿½?ï¿½ï¿½ï¿½ï¿½ndice de pobreza digital;Core de Nexus digital;data/nexus/digital_poverty.parquet, socio_fuse;digital_poverty scores por ï¿½?ï¿½ï¿½ï¿½ï¿½rea y grupo;nexus_global_daily;data/nexus/digital_poverty.parquet, fact_digital_poverty;master_db,nexus_parquets;mae,rmse,sharpe_ratio,drawdown_max,drift_score;needs_refactor;2025-12-15T14:37:59Z;2025-12-01T18:32:33-03:00;human;"Refinar indicadores, pesos y thresholds. | [dev_tracker] touched=2 files; tests_ok=False; ts=2025-12-13T18:41:25Z | [dev_tracker] touched=2 files; tests_ok=True; ts=2025-12-13T19:23:25Z | [dev_tracker] touched=2 files; tests_ok=True; ts=2025-12-13T19:40:50Z | [dev_tracker] touched=2 files; tests_ok=False; ts=2025-12-15T13:37:27Z | [dev_tracker] touched=2 files; tests_ok=False; ts=2025-12-15T13:38:07Z | [dev_tracker] touched=2 files; tests_ok=True; ts=2025-12-15T14:37:59Z";agents/digital_poverty/main.py;beta_active;1.000;0.600;0;0;0.000;13
O4;Editorial & Storytelling;editorial;development;v0.2;P1;4;Narrador;;Generar memos IPC, posts, executive briefs y deep dives;Motor editorial de la plataforma;integrator, macro_watcher, ipc_nowcaster, nexus;reports/editorial/*.md;editorial_daily, macro_global_daily, nexus_global_daily;reports/editorial/*.md, futuro fact_editorial_piece;master_db,nexus_parquets;reports_generated,delivery_success_rate,latency_seconds,user_reads;needs_refactor;2025-12-15T14:37:59Z;2025-12-04T17:48:00-03:00;human;"Loggear piezas y temas en DB para saber impacto. | [dev_tracker] touched=2 files; tests_ok=False; ts=2025-12-13T18:41:25Z | [dev_tracker] touched=2 files; tests_ok=True; ts=2025-12-13T19:23:25Z | [dev_tracker] touched=2 files; tests_ok=True; ts=2025-12-13T19:40:50Z | [dev_tracker] touched=2 files; tests_ok=False; ts=2025-12-15T13:37:27Z | [dev_tracker] touched=2 files; tests_ok=False; ts=2025-12-15T13:38:07Z | [dev_tracker] touched=2 files; tests_ok=True; ts=2025-12-15T14:37:59Z";agents/editorial/main.py;beta_active;1.000;0.600;0;0;0.000;10
O4;Editorial & Storytelling;editorial_curator;development;v0.1;P2;2 o4;Curador;;Seleccionar y resumir reports existentes;Curador editorial con criterio;reports/editorial/*.md, integrator;reports/curated/*.md con selecciones;editorial_weekly;reports/editorial/*.md;editorial_assets;pieces_published,open_rate,click_rate;needs_refactor;2025-12-15T14:37:59Z;2025-11-11T17:43:19-03:00;human;"Integrar con governor para decidir quï¿½?ï¿½ï¿½ï¿½ï¿½ destacar. | [dev_tracker] touched=1 files; tests_ok=False; ts=2025-12-13T18:41:25Z | [dev_tracker] touched=1 files; tests_ok=True; ts=2025-12-13T19:23:25Z | [dev_tracker] touched=1 files; tests_ok=True; ts=2025-12-13T19:40:50Z | [dev_tracker] touched=1 files; tests_ok=False; ts=2025-12-15T13:37:27Z | [dev_tracker] touched=1 files; tests_ok=False; ts=2025-12-15T13:38:07Z | [dev_tracker] touched=1 files; tests_ok=True; ts=2025-12-15T14:37:59Z";agents/editorial_curator/main.py;beta_active;1.000;0.600;0;0;0.000;33
O5;Ops & Productividad;email_ops;development;idea/plan;P3;0-1;Recolector;;Procesar emails entrantes para resï¿½?ï¿½ï¿½ï¿½ï¿½menes y notas destacadas;Canal de captura de seï¿½?ï¿½ï¿½ï¿½ï¿½ales cualitativas vï¿½?ï¿½ï¿½ï¿½ï¿½a correo;cuentas de email IMAP o API de proveedor;artifacts/email/*.json con resï¿½?ï¿½ï¿½ï¿½ï¿½menes y adjuntos estructurados;email_daily;-;email_imap,external_apis;rows_processed,error_rate,latency_seconds,data_freshness_days;idea/plan;9/12/2025;2025-11-03T11:54:15-03:00;;Enlazar con editorial y prompt_publisher para newsletters.;agents/email_ops/__init__.py;idea_stage;1.000;0.500;0;0;0.000;41
O2;INDEC / Andino;energy_data_refresh;development;idea/v0.1;P2;1 o2;Orquestador;;Buscar datasets de energï¿½?ï¿½ï¿½ï¿½ï¿½a en Andino;Spine de energï¿½?ï¿½ï¿½ï¿½ï¿½a para modelos sectoriales;filtros de energï¿½?ï¿½ï¿½ï¿½ï¿½a en indec_catalog;data/indec/energy/** y logs;energy_refresh_weekly;futuro raw_indec_energy;indec_ckan,master_db;series_updated,data_freshness_days,forecast_error;idea/v0.1;9/12/2025;;;Similar al minero, replicar patrï¿½?ï¿½ï¿½ï¿½ï¿½n.;;idea_stage;1.000;0.500;0;0;0.000;
O2;EPH / Nexus;eph_etl;development;v0.1;P1;2;ETL;;Convertir EPH cruda en parquet homogï¿½?ï¿½ï¿½ï¿½ï¿½neo;Normalizar EPH para anï¿½?ï¿½ï¿½ï¿½ï¿½lisis longitudinal;sources en data/eph/raw;parquets en data/eph/parquet;eph_quarterly_update;data/eph/parquet;eph_microdata;series_updated,data_freshness_days,forecast_error;needs_refactor;2025-12-15T14:37:59Z;2025-12-01T11:45:47-03:00;human;"Fijar schema estable antes de producciï¿½?ï¿½ï¿½ï¿½ï¿½n. | [dev_tracker] touched=2 files; tests_ok=False; ts=2025-12-13T18:41:25Z | [dev_tracker] touched=2 files; tests_ok=True; ts=2025-12-13T19:23:25Z | [dev_tracker] touched=2 files; tests_ok=True; ts=2025-12-13T19:40:50Z | [dev_tracker] touched=2 files; tests_ok=False; ts=2025-12-15T13:37:27Z | [dev_tracker] touched=2 files; tests_ok=False; ts=2025-12-15T13:38:07Z | [dev_tracker] touched=2 files; tests_ok=True; ts=2025-12-15T14:37:59Z";agents/eph_etl/main.py;beta_active;1.000;0.600;0;0;0.000;13
O2;EPH / Nexus;eph_ingestor;development;v0.1;P1;1;Recolector;;Descargar EPH cruda a data/eph/raw;Entrada primaria de EPH;APIs de EPH o archivos oficiales;archivos raw en data/eph/raw;eph_quarterly_update;raw_eph_*;eph_microdata,external_apis,master_db;rows_processed,error_rate,latency_seconds,data_freshness_days;needs_refactor;2025-12-15T14:37:59Z;2025-12-01T11:45:47-03:00;human;"Actualmente funcional para dummies, falta enlazar EPH real. | [dev_tracker] touched=2 files; tests_ok=False; ts=2025-12-13T18:41:25Z | [dev_tracker] touched=2 files; tests_ok=True; ts=2025-12-13T19:23:25Z | [dev_tracker] touched=2 files; tests_ok=True; ts=2025-12-13T19:40:50Z | [dev_tracker] touched=2 files; tests_ok=False; ts=2025-12-15T13:37:27Z | [dev_tracker] touched=2 files; tests_ok=False; ts=2025-12-15T13:38:07Z | [dev_tracker] touched=2 files; tests_ok=True; ts=2025-12-15T14:37:59Z";agents/eph_ingestor/main.py;beta_active;1.000;0.600;0;0;0.000;13
O2;EPH / Nexus;eph_unify;development;v0.1;P1;2;Unificador;;Unificar todos los trimestres en un ï¿½?ï¿½ï¿½ï¿½ï¿½nico eph_estandar.parquet;Panel laboral continuo;n archivos en data/eph/parquet;eph_estandar.parquet homogï¿½?ï¿½ï¿½ï¿½ï¿½neo;eph_unify_all;data/eph/eph_estandar.parquet;eph_microdata;series_updated,data_freshness_days,forecast_error;needs_refactor;2025-12-15T14:37:59Z;2025-12-01T11:45:47-03:00;human;"Conectar fuerte a loader_eph y Nexus. | [dev_tracker] touched=2 files; tests_ok=False; ts=2025-12-13T18:41:25Z | [dev_tracker] touched=2 files; tests_ok=True; ts=2025-12-13T19:23:25Z | [dev_tracker] touched=2 files; tests_ok=True; ts=2025-12-13T19:40:50Z | [dev_tracker] touched=2 files; tests_ok=False; ts=2025-12-15T13:37:27Z | [dev_tracker] touched=2 files; tests_ok=False; ts=2025-12-15T13:38:07Z | [dev_tracker] touched=2 files; tests_ok=True; ts=2025-12-15T14:37:59Z";agents/eph_unify/main.py;beta_active;1.000;0.600;0;0;0.000;13
O6;DataOps / Labeling / Datasets;feature_store_manager;development;nuevo;P1;2 o3;Gestor features;;Administrar y versionar un feature store compartido para todos los modelos;Elevar accuracy y orden de seï¿½?ï¿½ï¿½ï¿½ï¿½ales macro, cripto y Nexus;datasets limpios y enriquecidos, outputs de enrichers;archivos y tablas de feature store con metadata y stats;feature_store_manager, bot_train, macro_ml_lab;futura dim_feature, fact_feature_store;master_db;datasets_registered,labels_created,data_quality_score;no_implementado;9/12/2025;;;Centralizar features canï¿½?ï¿½ï¿½ï¿½ï¿½nicas y monitorear drift de features.;;planned_not_implemented;1.000;0.500;0;0;0.000;
O3;Research / Deals;geo_mining_analyzer;development;idea/plan;P3;2 o3;Geo-minerï¿½?ï¿½ï¿½ï¿½ï¿½a;;Analizar intersecciï¿½?ï¿½ï¿½ï¿½ï¿½n de geologï¿½?ï¿½ï¿½ï¿½ï¿½a y minerï¿½?ï¿½ï¿½ï¿½ï¿½a;Herramienta de priorizaciï¿½?ï¿½ï¿½ï¿½ï¿½n de ï¿½?ï¿½ï¿½ï¿½ï¿½reas;capas geoespaciales, datasets mineros, shapefiles;mapas y scores geolocalizados;geo_mining_lab;-;research_docs;docs_indexed,questions_answered,user_satisfaction;idea/plan;9/12/2025;;;Combinar luego con mining_intel y paneles geogrï¿½?ï¿½ï¿½ï¿½ï¿½ficos.;;idea_stage;1.000;0.500;0;0;0.000;
O5;Ops & Productividad;github_ci;development;idea/plan;P3;0;Recolector;;Integrar estado de CI, coverage y tests al ecosistema de agentes;Mï¿½?ï¿½ï¿½ï¿½ï¿½dulo de calidad de cï¿½?ï¿½ï¿½ï¿½ï¿½digo para decidir deploys y activaciï¿½?ï¿½ï¿½ï¿½ï¿½n de pipelines;APIs de GitHub Actions o CI, repos del proyecto;artifacts/ci_status/*.json con mï¿½?ï¿½ï¿½ï¿½ï¿½tricas de build y tests;futuro governance_daily;-;external_apis;rows_processed,error_rate,latency_seconds,data_freshness_days;idea/plan;9/12/2025;2025-11-03T11:54:15-03:00;;Base para condicionar releases y activaciï¿½?ï¿½ï¿½ï¿½ï¿½n automï¿½?ï¿½ï¿½ï¿½ï¿½tica de nuevos agentes.;agents/github_ci/__init__.py;idea_stage;1.000;0.500;0;0;0.000;41
O5;Infra / Orquestaciï¿½?ï¿½ï¿½ï¿½ï¿½n;governor;development;v0.1;P1;6;Gobernanza;;Leer integrator y KPIs para recomendar quï¿½?ï¿½ï¿½ï¿½ï¿½ subir o bajar de frecuencia;Supervisor de sistemas de agentes con recomendaciones accionables;artifacts/integrator/*.json, artifacts/kpi/*.json;artifacts/governor/*.json y reports/governor/*.md con recomendaciones;governance_daily;por definir fact_governor_advice;artifacts_fs,master_db;runs_per_day,pipelines_covered,alerts_generated,error_rate;needs_refactor;2025-12-15T14:37:59Z;2025-12-04T10:37:16-03:00;human;"Futuro integrar score de vitalidad de series y performance de modelos. | [dev_tracker] touched=1 files; tests_ok=False; ts=2025-12-13T18:41:25Z | [dev_tracker] touched=1 files; tests_ok=True; ts=2025-12-13T19:23:25Z | [dev_tracker] touched=1 files; tests_ok=True; ts=2025-12-13T19:40:50Z | [dev_tracker] touched=1 files; tests_ok=False; ts=2025-12-15T13:37:27Z | [dev_tracker] touched=1 files; tests_ok=False; ts=2025-12-15T13:38:07Z | [dev_tracker] touched=1 files; tests_ok=True; ts=2025-12-15T14:37:59Z";agents/governor/main.py;needs_refactor;1.000;0.600;0;0;0.000;11
O2;INDEC / Andino;indec_catalog;development;v0.1;P1;1;Recolector;;Buscar datasets en portal Andino y generar catï¿½?ï¿½ï¿½ï¿½ï¿½logos;Radar estructurado de nuevas series oficiales;API CKAN de Andino INDEC;artifacts/indec_catalog/*.json y logs;indec_catalog_manual, macro_data_refresh;raw_indec_dataset vï¿½?ï¿½ï¿½ï¿½ï¿½a loader_indec;external_apis,indec_ckan,master_db;rows_processed,error_rate,latency_seconds,data_freshness_days;needs_refactor;2025-12-15T14:37:59Z;2025-12-04T17:48:00-03:00;human;"Refinar queries por sector y tags relevantes. | [dev_tracker] touched=2 files; tests_ok=False; ts=2025-12-13T18:41:25Z | [dev_tracker] touched=2 files; tests_ok=True; ts=2025-12-13T19:23:25Z | [dev_tracker] touched=2 files; tests_ok=True; ts=2025-12-13T19:40:50Z | [dev_tracker] touched=2 files; tests_ok=False; ts=2025-12-15T13:37:27Z | [dev_tracker] touched=2 files; tests_ok=False; ts=2025-12-15T13:38:07Z | [dev_tracker] touched=2 files; tests_ok=True; ts=2025-12-15T14:37:59Z";agents/indec_catalog/main.py;beta_active;1.000;0.600;0;0;0.000;10
O2;INDEC / Andino;indec_download;development;v0.1;P1;1 o2;ETL;;Descargar recursos INDEC y generar logs unificados;ETL estï¿½?ï¿½ï¿½ï¿½ï¿½ndar para datasets Andino;URLs y metadatos de indec_catalog, API de archivos;archivos en data/indec/** y artifacts/indec_download/*.json;indec_download_manual, macro_data_refresh;raw_indec_resource, raw_indec_file;external_apis,indec_ckan,master_db;series_updated,data_freshness_days,forecast_error;v0.1;9/12/2025;2025-12-04T17:48:00-03:00;;Conectar formatos XLS, XLSX y CSV correctamente.;agents/indec_downloader/main.py;beta_active;1.000;0.500;0;0;0.000;10
O5;Infra / Orquestaciï¿½?ï¿½ï¿½ï¿½ï¿½n;init_master_db;development;v0.1;P0;0;Loader;;Inicializar master.db a partir de master_schema.sql y agents_config.yaml;Datamart interno para gobernanza y seguimiento de agentes y pipelines;master_schema.sql, agents_config.yaml, entorno SQL;archivo data/master.db creado o actualizado con el esquema base;init_master_db;dim_office, dim_job, dim_pipeline;master_db;rows_processed,error_rate,latency_seconds,data_freshness_days;OK;5/12/2025;2025-12-05T18:42:27-03:00;;Base del stack de governance, debe correr antes de cualquier otro loader.;db/init_master_db.py;prod_stable;1.000;0.500;0;0;0.000;9
O5;Infra / Orquestaciï¿½?ï¿½ï¿½ï¿½ï¿½n;integrator;development;v0.2;P0;0-4;Integrador;;Leer artifacts de diferentes oficinas y generar un resumen JSON y MD del dï¿½?ï¿½ï¿½ï¿½ï¿½a;Motor de sï¿½?ï¿½ï¿½ï¿½ï¿½ntesis para consultoras, fondos y reporting ejecutivo;artifacts de macro, nexus, cdc, crypto, research en artifacts/**;artifacts/integrator/*.json y *.md con visiï¿½?ï¿½ï¿½ï¿½ï¿½n consolidada;integrator_daily, macro_global_daily, nexus_global_daily, editorial_daily;futuro fact_integrated_event;artifacts_fs,cdc_prices_telecom,crypto_prices,master_db,nexus_parquets;jobs_scheduled,jobs_failed,jobs_succeeded;needs_refactor;2025-12-15T14:37:59Z;2025-12-01T15:07:39-03:00;human;"Debe seguir siendo el hub de signals para governor y editorial. | [dev_tracker] touched=2 files; tests_ok=False; ts=2025-12-13T18:41:25Z | [dev_tracker] touched=2 files; tests_ok=True; ts=2025-12-13T19:23:25Z | [dev_tracker] touched=2 files; tests_ok=True; ts=2025-12-13T19:40:50Z | [dev_tracker] touched=2 files; tests_ok=False; ts=2025-12-15T13:37:27Z | [dev_tracker] touched=2 files; tests_ok=False; ts=2025-12-15T13:38:07Z | [dev_tracker] touched=2 files; tests_ok=True; ts=2025-12-15T14:37:59Z";agents/integrator/main.py;prod_stable;1.000;0.600;0;0;0.000;13
O2;Macro / IPC;ipc_builder (ipc_index);development;estable;P0;2;ï¿½?ï¿½ï¿½ï¿½ï¿½ndice;;Construir ï¿½?ï¿½ï¿½ï¿½ï¿½ndice IPC tipo Laspeyres desde precios;IPC alternativo para cï¿½?ï¿½ï¿½ï¿½ï¿½maras y provincias;precios de canasta propia y CDC, exports/ipc/*.csv;serie IPC indexada y archivos exports/ipc/*.csv;ipc_index_daily, macro_ipc_daily;futuro fact_series_ipc, fact_ipc_index;cdc_prices_telecom,master_db;series_updated,data_freshness_days,forecast_error;OK;5/12/2025;;;Base para IPC alternativo con canastas mï¿½?ï¿½ï¿½ï¿½ï¿½ltiples.;;prod_stable;1.000;0.500;0;0;0.000;
O2;Macro / IPC;ipc_nowcaster;development;v0.2;P0;3;Modelo;;Nowcast IPC usando baseline y SARIMAX y generar PNGs;Servicio de inflaciï¿½?ï¿½ï¿½ï¿½ï¿½n esperada para clientes macro;series de IPC histï¿½?ï¿½ï¿½ï¿½ï¿½rico, features de CDC u otras series;artifacts/nowcast/*.csv y charts/*.png;ipc_nowcast_daily, macro_ipc_daily;futuro fact_series_ipc_forecast;cdc_prices_telecom,master_db;mae,rmse,sharpe_ratio,drawdown_max,drift_score;needs_refactor;2025-12-15T14:37:59Z;2025-11-11T17:43:19-03:00;human;"Ya operando con SARIMAX, falta formalizar export a DB. | [dev_tracker] touched=2 files; tests_ok=False; ts=2025-12-13T18:41:25Z | [dev_tracker] touched=2 files; tests_ok=True; ts=2025-12-13T19:23:25Z | [dev_tracker] touched=2 files; tests_ok=True; ts=2025-12-13T19:40:50Z | [dev_tracker] touched=2 files; tests_ok=False; ts=2025-12-15T13:37:27Z | [dev_tracker] touched=2 files; tests_ok=False; ts=2025-12-15T13:38:07Z | [dev_tracker] touched=2 files; tests_ok=True; ts=2025-12-15T14:37:59Z";agents/ipc_nowcaster/main.py;prod_stable;1.000;0.600;0;0;0.000;33
O4/O5;NLP enriquecedor;keyword_alerts;development;idea/plan;P2;2;Alertas;;Disparar alertas por apariciï¿½?ï¿½ï¿½ï¿½ï¿½n de ciertas palabras clave;Canal de alerta por riesgos, oportunidades o eventos raros;fact_rss_item, otros textos indexados;artifacts/alerts/*.json y mensajes vï¿½?ï¿½ï¿½ï¿½ï¿½a notifier;keyword_alerts_daily;futura fact_alert_event;master_db,rss_feeds;alerts_triggered,false_positive_rate,latency_seconds;needs_refactor;2025-12-15T14:37:59Z;2025-11-11T17:43:19-03:00;human;"Pensado para monitoreo de crisis y oportunidades tï¿½?ï¿½ï¿½ï¿½ï¿½cticas. | [dev_tracker] touched=2 files; tests_ok=False; ts=2025-12-13T18:41:25Z | [dev_tracker] touched=2 files; tests_ok=True; ts=2025-12-13T19:23:25Z | [dev_tracker] touched=2 files; tests_ok=True; ts=2025-12-13T19:40:50Z | [dev_tracker] touched=2 files; tests_ok=False; ts=2025-12-15T13:37:27Z | [dev_tracker] touched=2 files; tests_ok=False; ts=2025-12-15T13:38:07Z | [dev_tracker] touched=2 files; tests_ok=True; ts=2025-12-15T14:37:59Z";agents/keyword_alerts/main.py;idea_stage;1.000;0.600;0;0;0.000;33
O5;Infra / Orquestaciï¿½?ï¿½ï¿½ï¿½ï¿½n;kpi_global;development;v0.1;P1;5;KPIs;;Resumir KPIs por oficina y capa para visiï¿½?ï¿½ï¿½ï¿½ï¿½n ejecutiva;Tablero de AI Ops con salud global de automatizaciones;artifacts/kpi/*.json, master.db;reports/kpi/*.md con vistas globales y comparativas;governance_daily, editorial_daily;fact_kpi_event, dim_office;artifacts_fs,master_db;runs_per_day,pipelines_covered,alerts_generated,error_rate;needs_refactor;2025-12-15T14:37:59Z;2025-12-04T10:28:28-03:00;human;"Siguiente paso cruzar con vitalidad de series y uso de pipelines. | [dev_tracker] touched=2 files; tests_ok=False; ts=2025-12-13T18:41:25Z | [dev_tracker] touched=2 files; tests_ok=True; ts=2025-12-13T19:23:25Z | [dev_tracker] touched=2 files; tests_ok=True; ts=2025-12-13T19:40:50Z | [dev_tracker] touched=2 files; tests_ok=False; ts=2025-12-15T13:37:27Z | [dev_tracker] touched=2 files; tests_ok=False; ts=2025-12-15T13:38:07Z | [dev_tracker] touched=2 files; tests_ok=True; ts=2025-12-15T14:37:59Z";agents/kpi_global/main.py;prod_stable;1.000;0.600;0;0;0.000;11
O5;Infra / Orquestaciï¿½?ï¿½ï¿½ï¿½ï¿½n;kpi_monitor;observer;v0.1;P1;6;KPIs;;Calcular KPIs por agente y pipeline a partir de artifacts y reports;Mï¿½?ï¿½ï¿½ï¿½ï¿½dulo de observabilidad transversal de pipelines de datos y modelos;artifacts de pipelines, reports de ejecuciï¿½?ï¿½ï¿½ï¿½ï¿½n, master.db;artifacts/kpi/*.json y reports/kpi/*.md con mï¿½?ï¿½ï¿½ï¿½ï¿½tricas por agente;governance_daily;futuro fact_kpi_event;artifacts_fs,master_db;runs_per_day,pipelines_covered,alerts_generated,error_rate;needs_refactor;2025-12-15T14:37:59Z;2025-11-11T17:43:19-03:00;human;"Falta conectar firmemente con master.db y persistir fact_kpi_event. | [dev_tracker] touched=1 files; tests_ok=False; ts=2025-12-13T18:41:25Z | [dev_tracker] touched=1 files; tests_ok=True; ts=2025-12-13T19:23:25Z | [dev_tracker] touched=1 files; tests_ok=True; ts=2025-12-13T19:40:50Z | [dev_tracker] touched=1 files; tests_ok=False; ts=2025-12-15T13:37:27Z | [dev_tracker] touched=1 files; tests_ok=False; ts=2025-12-15T13:38:07Z | [dev_tracker] touched=1 files; tests_ok=True; ts=2025-12-15T14:37:59Z";agents/kpi_monitor/main.py;needs_refactor;1.000;0.600;0;0;0.000;33
O6;DataOps / Labeling / Datasets;label_policy_manager;development;nuevo;P2;2;Policy etiquetas;;Definir y versionar guï¿½?ï¿½ï¿½ï¿½ï¿½as de anotaciï¿½?ï¿½ï¿½ï¿½ï¿½n por dominio;Asegurar consistencia en anotaciï¿½?ï¿½ï¿½ï¿½ï¿½n humana y automï¿½?ï¿½ï¿½ï¿½ï¿½tica;documentos tï¿½?ï¿½ï¿½ï¿½ï¿½cnicos, ejemplos etiquetados, feedback de analistas;label_policy.yaml y versiones con cambios;label_policy_manager, research_daily;futura dim_label_policy;master_db;datasets_registered,labels_created,data_quality_score;no_implementado;9/12/2025;;;Base normativa de todo el labeling.;;planned_not_implemented;1.000;0.500;0;0;0.000;
O2;INDEC / Andino;labor_data_refresh;development;idea/v0.1;P2;1 o2;Orquestador;;Buscar datasets laborales en Andino;Spine de mercado laboral;filtros de trabajo y empleo en indec_catalog;data/indec/labor/** y logs;labor_refresh_weekly;futuro raw_indec_labor;indec_ckan,master_db;series_updated,data_freshness_days,forecast_error;idea/v0.1;9/12/2025;;;Alimentarï¿½?ï¿½ï¿½ï¿½ï¿½ anï¿½?ï¿½ï¿½ï¿½ï¿½lisis Nexus laboral.;;idea_stage;1.000;0.500;0;0;0.000;
O3;Research / Deals;legal_rwa;development;idea/plan;P3;2 o3;Investigador;;Analizar riesgo regulatorio y legal en documentaciï¿½?ï¿½ï¿½ï¿½ï¿½n;Evaluador de riesgo legal para deals;corpus regulatorio, contratos, leyes;artifacts/legal_rwa/*.json con scores y notas;legal_rwa_lab;-;research_docs;items_enriched,coverage_ratio,error_rate,latency_seconds;idea/plan;9/12/2025;2025-11-03T11:54:15-03:00;;Prototipo con corpus limitado antes de escalar.;agents/legal_rwa/__init__.py;idea_stage;1.000;0.500;0;0;0.000;41
O5;Data Lake & Loaders;loader_cdc;development;v0.1;P0;1 o2;Loader CDC;;Cargar precios, telecom e ï¿½?ï¿½ï¿½ï¿½ï¿½ndices de canasta digital al DB;Datamart de canasta digital para anï¿½?ï¿½ï¿½ï¿½ï¿½lisis Nexus y distribuciï¿½?ï¿½ï¿½ï¿½ï¿½n;data/cdc/*.csv y exports/cdc/*.csv;registros en raw_cdc_price, raw_cdc_telecom y fact_cdc_index;loader_cdc;raw_cdc_price, raw_cdc_telecom, fact_cdc_index;cdc_prices_telecom,master_db;rows_processed,error_rate,latency_seconds,data_freshness_days;OK;5/12/2025;2025-12-05T18:42:27-03:00;;Listo para anï¿½?ï¿½ï¿½ï¿½ï¿½lisis cruzado CDC y Nexus.;db/loader_cdc.py;prod_stable;1.000;0.500;0;0;0.000;9
O5;Data Lake & Loaders;loader_crypto;development;v0.1;P1;1 o2;Loader OHLCV;;Cargar OHLCV cripto desde CSV a fact_crypto_ohlcv;Base normalizada de precios cripto para backtests y ML;archivos data/crypto/*_tf.csv;registros en fact_crypto_ohlcv;loader_crypto;fact_crypto_ohlcv;crypto_prices,master_db;rows_processed,error_rate,latency_seconds,data_freshness_days;OK_estructura;5/12/2025;2025-12-05T18:42:27-03:00;;Falta afinar filtros y PK antes de habilitar full ingest.;db/loader_crypto.py;prod_stable;1.000;0.500;0;0;0.000;9
O5;Data Lake & Loaders;loader_eph;development;v0.1;P1;1 o2;Loader EPH;;Cargar EPH unificada a master DB cuando haya dato real;EPH as a service interno para anï¿½?ï¿½ï¿½ï¿½ï¿½lisis socio laborales;archivo data/eph/eph_estandar.parquet;registros en raw_eph_unified y futuras fact de personas;loader_eph;raw_eph_unified, futura fact_eph_persona;eph_microdata,master_db;rows_processed,error_rate,latency_seconds,data_freshness_days;OK_dummy;5/12/2025;2025-12-05T18:42:27-03:00;;Por ahora hace no-op con dummy hasta tener EPH real.;db/loader_eph.py;prod_stable;1.000;0.500;0;0;0.000;9
O5;Data Lake & Loaders;loader_indec;development;v0.1;P1;1 o2;Loader INDEC;;Cargar descargas INDEC macro y sectoriales al DB;Puente entre INDEC Andino y anï¿½?ï¿½ï¿½ï¿½ï¿½lisis interno;archivos data/indec/**;registros en raw_indec_dataset y fact_indec_file;loader_indec;raw_indec_dataset, fact_indec_file;indec_ckan,master_db;rows_processed,error_rate,latency_seconds,data_freshness_days;OK;5/12/2025;2025-12-05T18:42:27-03:00;;Crece junto a andino_catalog y macro_data_refresh.;db/loader_indec.py;prod_stable;1.000;0.500;0;0;0.000;9
O5;Data Lake & Loaders;loader_nexus;development;v0.1;P1;1 o2;Loader Nexus;;Cargar digital_poverty y nexus_cluster al DB;Datamart Nexus de pobreza y clusters digitales;data/nexus/*.parquet y artifacts/nexus/*.parquet;registros en fact_digital_poverty y fact_nexus_cluster;loader_nexus;fact_digital_poverty, fact_nexus_cluster;artifacts_fs,master_db,nexus_parquets;rows_processed,error_rate,latency_seconds,data_freshness_days;OK;5/12/2025;2025-12-05T18:42:27-03:00;;Carga estable sin romper constraints.;db/loader_nexus.py;prod_stable;1.000;0.500;0;0;0.000;9
O5;Data Lake & Loaders;loader_rss;development;v0.1;P0;1 o2;Loader RSS;;Cargar artifacts RSS en tablas estructuradas del master DB;Base de inteligencia de noticias y eventos;archivos artifacts/rss/*.json;registros en fact_rss_item y dim_rss_source;loader_rss;fact_rss_item, dim_rss_source;artifacts_fs,master_db,rss_feeds;rows_processed,error_rate,latency_seconds,data_freshness_days;OK;5/12/2025;2025-12-05T18:42:27-03:00;;Ya insertando cientos de filas, insumo clave para macro_watcher y research_scout.;db/loader_rss.py;prod_stable;1.000;0.500;0;0;0.000;9
O2;INDEC / Andino;macro_data_refresh;development;v0.1;P1;1 o2;Orquestador;;Correr indec_catalog y indec_download para refrescar macro;Pipeline maestro de actualizaciï¿½?ï¿½ï¿½ï¿½ï¿½n macro oficial;indec_catalog, indec_download, configuraciï¿½?ï¿½ï¿½ï¿½ï¿½n de series;datasets actualizados en data/indec/** y registros en DB;macro_global_daily;raw_indec_macro_* vï¿½?ï¿½ï¿½ï¿½ï¿½a loader_indec;indec_ckan,master_db;series_updated,data_freshness_days,forecast_error;v0.1;9/12/2025;;;Sumar series a series_downloader y fact_series.;;beta_active;1.000;0.500;0;0;0.000;
O2;Macro / IPC;macro_forecaster;development;v0.1;P2;3;Modelo;;Hacer forecasts simples de variables macro clave;Servicio complementario a nowcasting y anï¿½?ï¿½ï¿½ï¿½ï¿½lisis macro;series macro en fact_series y tablas de INDEC;proyecciones en artifacts/macro_forecast/*.csv;macro_global_daily;futuro fact_macro_forecast;indec_ckan,master_db;mae,rmse,sharpe_ratio,drawdown_max,drift_score;needs_refactor;2025-12-15T14:37:59Z;2025-11-11T17:43:19-03:00;human;"Debe versionar modelos y mï¿½?ï¿½ï¿½ï¿½ï¿½tricas de error. | [dev_tracker] touched=1 files; tests_ok=False; ts=2025-12-13T18:41:25Z | [dev_tracker] touched=1 files; tests_ok=True; ts=2025-12-13T19:23:25Z | [dev_tracker] touched=1 files; tests_ok=True; ts=2025-12-13T19:40:50Z | [dev_tracker] touched=1 files; tests_ok=False; ts=2025-12-15T13:37:27Z | [dev_tracker] touched=1 files; tests_ok=False; ts=2025-12-15T13:38:07Z | [dev_tracker] touched=1 files; tests_ok=True; ts=2025-12-15T14:37:59Z";agents/macro_forecaster/main.py;beta_active;1.000;0.600;0;0;0.000;33
O2;Macro / IPC;macro_watcher;development;v0.1;P1;2;Analista;;Sintetizar la situaciï¿½?ï¿½ï¿½ï¿½ï¿½n macro desde RSS y datos INDEC;Radar macroeconï¿½?ï¿½ï¿½ï¿½ï¿½mico diario y para notas;fact_rss_item, datos de INDEC descargados;artifacts/macro/*.json con flags y resï¿½?ï¿½ï¿½ï¿½ï¿½menes;macro_global_daily;futuro fact_macro_event;indec_ckan,master_db,rss_feeds;items_enriched,coverage_ratio,error_rate,latency_seconds;needs_refactor;2025-12-15T14:37:59Z;2025-11-05T17:50:00-03:00;human;"Se apoya en loader_rss y loader_indec para insumos. | [dev_tracker] touched=2 files; tests_ok=False; ts=2025-12-13T18:41:25Z | [dev_tracker] touched=2 files; tests_ok=True; ts=2025-12-13T19:23:25Z | [dev_tracker] touched=2 files; tests_ok=True; ts=2025-12-13T19:40:50Z | [dev_tracker] touched=2 files; tests_ok=False; ts=2025-12-15T13:37:27Z | [dev_tracker] touched=2 files; tests_ok=False; ts=2025-12-15T13:38:07Z | [dev_tracker] touched=2 files; tests_ok=True; ts=2025-12-15T14:37:59Z";agents/macro_watcher/main.py;prod_stable;1.000;0.600;0;0;0.000;39
O5;Ingesta genï¿½?ï¿½ï¿½ï¿½ï¿½rica;market_scraper;development;v0.1;P2;1;Recolector;;Hacer scraping de tickers y precios de mercado;Fuente complementaria a APIs de mercado;webs de mercado configuradas;artifacts/market/*.json con cotizaciones;market_daily;futuro raw_market_price;master_db;rows_processed,error_rate,latency_seconds,data_freshness_days;needs_refactor;2025-12-15T14:37:59Z;2025-11-10T12:43:27-03:00;human;"Luego conectar con loader_market hacia master.db. | [dev_tracker] touched=1 files; tests_ok=False; ts=2025-12-13T18:41:25Z | [dev_tracker] touched=1 files; tests_ok=True; ts=2025-12-13T19:23:25Z | [dev_tracker] touched=1 files; tests_ok=True; ts=2025-12-13T19:40:50Z | [dev_tracker] touched=1 files; tests_ok=False; ts=2025-12-15T13:37:27Z | [dev_tracker] touched=1 files; tests_ok=False; ts=2025-12-15T13:38:07Z | [dev_tracker] touched=1 files; tests_ok=True; ts=2025-12-15T14:37:59Z";agents/market_scraper/main.py;beta_active;1.000;0.600;0;0;0.000;34
O5;Infra / Orquestaciï¿½?ï¿½ï¿½ï¿½ï¿½n;master_schema.sql;development;v0.1;P1;0;Esquema;;Definir el esquema completo del lago lï¿½?ï¿½ï¿½ï¿½ï¿½gico de datos de agentes y series;Base exportable para otros proyectos de data lake gobernado;archivo master_schema.sql en repo;estructura fï¿½?ï¿½ï¿½ï¿½ï¿½sica de master.db con todas las dim y fact;init_master_db;todas las dim_ y fact_ definidas;master_db;jobs_scheduled,jobs_failed,jobs_succeeded;v0.1;9/12/2025;;;Actualizar cuando se agregan nuevas tablas crï¿½?ï¿½ï¿½ï¿½ï¿½ticas como fact_series, fact_kpi_event, fact_series_vitality.;;beta_active;1.000;0.500;0;0;0.000;
O2;INDEC / Andino;mining_data_refresh;development;idea/v0.1;P2;1 o2;Orquestador;;Buscar y refrescar datasets mineros en Andino;Spine de minerï¿½?ï¿½ï¿½ï¿½ï¿½a para anï¿½?ï¿½ï¿½ï¿½ï¿½lisis sectorial;tag y filtros mineros en Andino, indec_catalog genï¿½?ï¿½ï¿½ï¿½ï¿½rico;datasets en data/indec/mining/** y logs;mining_refresh_weekly;futuro raw_indec_mining;indec_ckan,master_db;series_updated,data_freshness_days,forecast_error;idea/v0.1;9/12/2025;;;Definir pipeline completo mï¿½?ï¿½ï¿½ï¿½ï¿½s loader minero.;;idea_stage;1.000;0.500;0;0;0.000;
O3;Research / Deals;mining_intel;development;stub;P2;2;Investigador;;Definir estructura de inteligencia minera bï¿½?ï¿½ï¿½ï¿½ï¿½sica;Base de knowledge para minerï¿½?ï¿½ï¿½ï¿½ï¿½a;datasets mineros, informes, portales oficiales;artifacts/mining_intel/*.json y notebooks;mining_intel_lab;-;research_docs;items_enriched,coverage_ratio,error_rate,latency_seconds;needs_refactor;2025-12-15T14:37:59Z;2025-11-03T11:54:15-03:00;human;"Definir fuentes estables y cruzar con Andino y ministerios. | [dev_tracker] touched=2 files; tests_ok=False; ts=2025-12-13T18:41:25Z | [dev_tracker] touched=2 files; tests_ok=True; ts=2025-12-13T19:23:25Z | [dev_tracker] touched=2 files; tests_ok=True; ts=2025-12-13T19:40:50Z | [dev_tracker] touched=2 files; tests_ok=False; ts=2025-12-15T13:37:27Z | [dev_tracker] touched=2 files; tests_ok=False; ts=2025-12-15T13:38:07Z | [dev_tracker] touched=2 files; tests_ok=True; ts=2025-12-15T14:37:59Z";agents/mining_intel/main.py;stub_prototype;1.000;0.600;0;0;0.000;41
O6;DataOps / Labeling / Datasets;model_drift_monitor;observer;nuevo;P0;3 o6;Monitor drift;;Detectar degradaciï¿½?ï¿½ï¿½ï¿½ï¿½n de performance y cambios de rï¿½?ï¿½ï¿½ï¿½ï¿½gimen en modelos live;Seguro de calidad para modelos en producciï¿½?ï¿½ï¿½ï¿½ï¿½n;predicciones recientes, datos observados y eval histï¿½?ï¿½ï¿½ï¿½ï¿½rica;drift_report.json y alertas hacia governor y notifier;model_drift_monitor, crypto_ml_daily, macro_ipc_daily;fact_model_eval, futuro fact_model_drift;crypto_prices,master_db;datasets_registered,labels_created,data_quality_score;no_implementado;9/12/2025;;;Disparar reentrenos o reducciï¿½?ï¿½ï¿½ï¿½ï¿½n de uso de modelos.;;planned_not_implemented;1.000;0.500;0;0;0.000;
O6;DataOps / Labeling / Datasets;model_evaluator;development;nuevo;P1;3;Evaluador de modelos;;Evaluar desempeï¿½?ï¿½ï¿½ï¿½ï¿½o de modelos macro, texto, Nexus y cripto;Cierre del ciclo de MLOps basado en datos;modelos entrenados y datasets de validaciï¿½?ï¿½ï¿½ï¿½ï¿½n;eval_report.json o md y registros en fact_model_eval;model_evaluator, bot_train, ipc_nowcast_daily, nexus_global_daily;futuro fact_model_eval;master_db,nexus_parquets;mae,rmse,sharpe_ratio,drawdown_max,drift_score;no_implementado;9/12/2025;;;Alimenta governor y kpi_global con scores comparables.;;planned_not_implemented;1.000;0.500;0;0;0.000;
O4/O5;NLP enriquecedor;ner_enricher (ner);development;v0.1;P1;2;Enriquecedor;;Extraer entidades nombradas de textos;Mejorar indexaciï¿½?ï¿½ï¿½ï¿½ï¿½n, bï¿½?ï¿½ï¿½ï¿½ï¿½squeda y anï¿½?ï¿½ï¿½ï¿½ï¿½lisis temï¿½?ï¿½ï¿½ï¿½ï¿½tico;texto de fact_rss_item, research docs y otros artifacts;artifacts/ner/*.json con entidades y tipos;ner_daily, macro_global_daily, research_daily;futuro fact_text_enriched;artifacts_fs,master_db,rss_feeds;items_enriched,coverage_ratio,error_rate,latency_seconds;v0.1;9/12/2025;;;Integrar luego directo con tablas enriquecidas en master.db.;;beta_active;1.000;0.500;0;0;0.000;
O2;EPH / Nexus;nexus_brief;development;v0.1;P2;4;Narrador;;Generar resumen ejecutivo Nexus;Versiï¿½?ï¿½ï¿½ï¿½ï¿½n ejecutiva y comercial de Nexus;outputs de nexus_report y KPIs clave;reports/nexus/*.md en formato breve;nexus_global_daily;reports/nexus/*.md;nexus_parquets;reports_generated,delivery_success_rate,latency_seconds,user_reads;needs_refactor;2025-12-15T14:37:59Z;2025-12-01T13:01:46-03:00;human;"Complementa nexus_report con foco en acciï¿½?ï¿½ï¿½ï¿½ï¿½n. | [dev_tracker] touched=2 files; tests_ok=False; ts=2025-12-13T18:41:25Z | [dev_tracker] touched=2 files; tests_ok=True; ts=2025-12-13T19:23:25Z | [dev_tracker] touched=2 files; tests_ok=True; ts=2025-12-13T19:40:50Z | [dev_tracker] touched=2 files; tests_ok=False; ts=2025-12-15T13:37:27Z | [dev_tracker] touched=2 files; tests_ok=False; ts=2025-12-15T13:38:07Z | [dev_tracker] touched=2 files; tests_ok=True; ts=2025-12-15T14:37:59Z";agents/nexus_brief/main.py;beta_active;1.000;0.600;0;0;0.000;13
O2;EPH / Nexus;nexus_cluster;development;v0.1;P2;3;Modelo;;Clusterizar territorios y grupos por indicadores Nexus;Segmentador de polï¿½?ï¿½ï¿½ï¿½ï¿½ticas y productos;digital_poverty, socio_fuse y otras features;artifacts/nexus/nexus_cluster_*.parquet y fact_nexus_cluster;nexus_global_daily;fact_nexus_cluster;master_db,nexus_parquets;mae,rmse,sharpe_ratio,drawdown_max,drift_score;needs_refactor;2025-12-15T14:37:59Z;2025-12-04T11:24:25-03:00;human;"Definir taxonomï¿½?ï¿½ï¿½ï¿½ï¿½a y labels interpretables. | [dev_tracker] touched=2 files; tests_ok=False; ts=2025-12-13T18:41:25Z | [dev_tracker] touched=2 files; tests_ok=True; ts=2025-12-13T19:23:25Z | [dev_tracker] touched=2 files; tests_ok=True; ts=2025-12-13T19:40:50Z | [dev_tracker] touched=2 files; tests_ok=False; ts=2025-12-15T13:37:27Z | [dev_tracker] touched=2 files; tests_ok=False; ts=2025-12-15T13:38:07Z | [dev_tracker] touched=2 files; tests_ok=True; ts=2025-12-15T14:37:59Z";agents/nexus_cluster/main.py;beta_active;1.000;0.600;0;0;0.000;11
O2;EPH / Nexus;nexus_forecast;development;v0.1;P2;3;Modelo;;Forecast de indicadores Nexus;Producto de proyecciï¿½?ï¿½ï¿½ï¿½ï¿½n de brechas digitales;series Nexus histï¿½?ï¿½ï¿½ï¿½ï¿½ricas, digital_poverty, socio_fuse;artifacts/nexus/nexus_forecast_*.csv;nexus_global_daily;futura fact_nexus_forecast;master_db,nexus_parquets;mae,rmse,sharpe_ratio,drawdown_max,drift_score;needs_refactor;2025-12-15T14:37:59Z;2025-12-04T11:24:25-03:00;human;"Guardar forecasts en DB para seguimiento. | [dev_tracker] touched=2 files; tests_ok=False; ts=2025-12-13T18:41:25Z | [dev_tracker] touched=2 files; tests_ok=True; ts=2025-12-13T19:23:25Z | [dev_tracker] touched=2 files; tests_ok=True; ts=2025-12-13T19:40:50Z | [dev_tracker] touched=2 files; tests_ok=False; ts=2025-12-15T13:37:27Z | [dev_tracker] touched=2 files; tests_ok=False; ts=2025-12-15T13:38:07Z | [dev_tracker] touched=2 files; tests_ok=True; ts=2025-12-15T14:37:59Z";agents/nexus_forecast/main.py;beta_active;1.000;0.600;0;0;0.000;11
O2;EPH / Nexus;nexus_report;development;v0.1;P2;4;Narrador;;Generar informe tï¿½?ï¿½ï¿½ï¿½ï¿½cnico Nexus;Reporte detallado para policy makers y clientes;series y tablas Nexus, resultados de modelos;reports/nexus/*.md;nexus_global_daily;reports/nexus/*.md;nexus_parquets;reports_generated,delivery_success_rate,latency_seconds,user_reads;needs_refactor;2025-12-15T14:37:59Z;2025-12-01T13:01:46-03:00;human;"Indexar luego en fact_editorial_piece. | [dev_tracker] touched=2 files; tests_ok=False; ts=2025-12-13T18:41:25Z | [dev_tracker] touched=2 files; tests_ok=True; ts=2025-12-13T19:23:25Z | [dev_tracker] touched=2 files; tests_ok=True; ts=2025-12-13T19:40:50Z | [dev_tracker] touched=2 files; tests_ok=False; ts=2025-12-15T13:37:27Z | [dev_tracker] touched=2 files; tests_ok=False; ts=2025-12-15T13:38:07Z | [dev_tracker] touched=2 files; tests_ok=True; ts=2025-12-15T14:37:59Z";agents/nexus_report/main.py;beta_active;1.000;0.600;0;0;0.000;13
O5;Infra / I/O & Export;notifier;development;v0.1;P1;5;Alerting;;Generar mensajes y alertas incluyendo kill switch de sistemas;Canal de alarmas sobre pipelines y modelos;alerts de kpi_monitor y governor, errores de orchestrator;mensajes a email, chat o logs dedicados de alerta;notify_daily;-;governance_internal;alerts_triggered,false_positive_rate,latency_seconds;needs_refactor;2025-12-15T14:37:59Z;2025-11-11T17:43:19-03:00;human;"Debe integrarse a governor para decisiones automï¿½?ï¿½ï¿½ï¿½ï¿½ticas. | [dev_tracker] touched=2 files; tests_ok=False; ts=2025-12-13T18:41:25Z | [dev_tracker] touched=2 files; tests_ok=True; ts=2025-12-13T19:23:25Z | [dev_tracker] touched=2 files; tests_ok=True; ts=2025-12-13T19:40:50Z | [dev_tracker] touched=2 files; tests_ok=False; ts=2025-12-15T13:37:27Z | [dev_tracker] touched=2 files; tests_ok=False; ts=2025-12-15T13:38:07Z | [dev_tracker] touched=2 files; tests_ok=True; ts=2025-12-15T14:37:59Z";agents/notifier/main.py;beta_active;1.000;0.600;0;0;0.000;33
O1;Cripto & ML Trading;ohlcv_fetch;development;v0.1;P0;1;Recolector;;Gestionar descarga y sï¿½?ï¿½ï¿½ï¿½ï¿½ntesis de OHLCV cripto;Base de series de precios para trading y ML;APIs de exchanges y archivos locales;data/crypto/*.csv consolidados;ohlcv_fetch, bot_train, bot_to_auto_ml_universe;data/crypto/*.csv, fact_crypto_ohlcv;crypto_prices,external_apis,master_db;rows_processed,error_rate,latency_seconds,data_freshness_days;v0.1;9/12/2025;;;Resolver bien schema y timeframes antes de escalar.;;beta_active;1.000;0.500;0;0;0.000;
O2;Macro / IPC;openclose_reporter (openclose);development;v0.1;P2;4;Narrador;;Generar memos de apertura y cierre macro con grï¿½?ï¿½ï¿½ï¿½ï¿½fico;Producto editorial macro para clientes y RRSS;integrator, ipc_builder, macro_watcher;reports/openclose/*.md y grï¿½?ï¿½ï¿½ï¿½ï¿½ficos asociados;openclose_daily;no usa DB directamente;macro_datasets;reports_generated,delivery_success_rate,latency_seconds,user_reads;v0.1;9/12/2025;;;Indexar luego notas en fact_editorial_piece.;;beta_active;1.000;0.500;0;0;0.000;
O5;Infra / Orquestaciï¿½?ï¿½ï¿½ï¿½ï¿½n;orchestrator;development;v0.3;P0;0-6;Gobernanza;;CLI central de jobs y pipelines con flags --job, --pipeline, --interval que coordina todo el ecosistema;Framework de orquestaciï¿½?ï¿½ï¿½ï¿½ï¿½n de agentes reutilizable para cualquier stack de datos y ML;config YAML de pipelines, CLI, entorno Python, master.db;logs de ejecuciï¿½?ï¿½ï¿½ï¿½ï¿½n, artifacts integrados, reports disparados, estados de pipelines;crypto_ml_daily, macro_global_daily, nexus_global_daily, governance_daily y otros;dim_pipeline, dim_job, dim_office;crypto_prices,master_db,nexus_parquets;runs_per_day,pipelines_covered,alerts_generated,error_rate;needs_refactor;2025-12-15T14:37:59Z;2025-11-11T17:43:19-03:00;human;"Pieza central del sistema, no tocar sin plan claro de rollback. | [dev_tracker] touched=25 files; tests_ok=False; ts=2025-12-13T18:41:25Z | [dev_tracker] touched=25 files; tests_ok=True; ts=2025-12-13T19:23:25Z | [dev_tracker] touched=25 files; tests_ok=True; ts=2025-12-13T19:40:50Z | [dev_tracker] touched=25 files; tests_ok=False; ts=2025-12-15T13:37:27Z | [dev_tracker] touched=25 files; tests_ok=False; ts=2025-12-15T13:38:07Z | [dev_tracker] touched=25 files; tests_ok=True; ts=2025-12-15T14:37:59Z";agents/orchestrator/main.py;prod_stable;1.000;0.600;0;0;0.000;33
O5;Infra / Orquestaciï¿½?ï¿½ï¿½ï¿½ï¿½n;pipeline_profiler;development;idea/plan;P1;6;Gobernanza;;Extender kpi_monitor y governor para medir valor editorial y de informaciï¿½?ï¿½ï¿½ï¿½ï¿½n de cada pipeline;Tool de gestiï¿½?ï¿½ï¿½ï¿½ï¿½n de portafolio de pipelines para priorizaciï¿½?ï¿½ï¿½ï¿½ï¿½n;fact_kpi_event, registros de integrator y uso de reports;reports/pipeline_profiler.md con ranking y scoring por pipeline;governance_daily;dim_pipeline, fact_kpi_event;master_db;runs_per_day,pipelines_covered,alerts_generated,error_rate;idea/plan;5/12/2025;;;Clave para decidir quï¿½?ï¿½ï¿½ï¿½ï¿½ pipelines mantener, escalar o archivar.;;idea_stage;1.000;0.500;0;0;0.000;
O2;INDEC / Andino;population_data_refresh;development;idea/v0.1;P2;1 o2;Orquestador;;Buscar datasets demogrï¿½?ï¿½ï¿½ï¿½ï¿½ficos en Andino;Base para anï¿½?ï¿½ï¿½ï¿½ï¿½lisis poblacionales y paneles;filtros de poblaciï¿½?ï¿½ï¿½ï¿½ï¿½n en indec_catalog;data/indec/population/** y logs;population_refresh_weekly;futuro raw_indec_population;indec_ckan,master_db;series_updated,data_freshness_days,forecast_error;idea/v0.1;9/12/2025;;;Complemento para ï¿½?ï¿½ï¿½ï¿½ï¿½ndices socioeconï¿½?ï¿½ï¿½ï¿½ï¿½micos.;;idea_stage;1.000;0.500;0;0;0.000;
O2;INDEC / Andino;production_data_refresh;development;idea/v0.1;P2;1 o2;Orquestador;;Buscar datasets industriales y de producciï¿½?ï¿½ï¿½ï¿½ï¿½n;Spine industrial para modelos productivos;filtros de producciï¿½?ï¿½ï¿½ï¿½ï¿½n en indec_catalog;data/indec/production/** y logs;production_refresh_weekly;futuro raw_indec_production;indec_ckan,master_db;series_updated,data_freshness_days,forecast_error;idea/v0.1;9/12/2025;;;Base para modelo industrial y minerï¿½?ï¿½ï¿½ï¿½ï¿½a.;;idea_stage;1.000;0.500;0;0;0.000;
O4;Editorial & Storytelling;prompt_guru (guru);development;v0.1;P2;2 o4;Narrador;;Generar briefs y prompts a partir de spines editoriales y datos;Motor de prompts inteligente;spines de editorial, integrator, KPIs;prompts curados en artifacts/prompts/*.json;guru_daily;-;editorial_assets;reports_generated,delivery_success_rate,latency_seconds,user_reads;v0.1;9/12/2025;;;Guardar prompts efectivos como playbooks.;;beta_active;1.000;0.500;0;0;0.000;
O4;Editorial & Storytelling;prompt_publisher (publish);development;v0.1;P2;4 o5;Difusor;;Publicar prompts y reports a canales destino;Hub de publicaciï¿½?ï¿½ï¿½ï¿½ï¿½n;reports y prompts, APIs de Substack y LinkedIn;logs de publicaciï¿½?ï¿½ï¿½ï¿½ï¿½n y eventos en artifacts/publish/*.json;publish_daily;futuro fact_publish_event;external_apis,master_db;reports_generated,delivery_success_rate,latency_seconds,user_reads;v0.1;9/12/2025;;;Conectar a canales reales con control de frecuencia.;;beta_active;1.000;0.500;0;0;0.000;
O2;EPH / Nexus;psd_ingest;development;v0.1;P1;1 o2;Panel socio-digital;;Ingestar panel socio digital experimental;Prototipo de Nexus con datos propios;datos de panel socio digital dummy;artifacts/nexus/psd_panel.parquet;nexus_global_daily;artifacts/nexus/psd_panel.parquet;artifacts_fs,nexus_parquets;series_updated,data_freshness_days,forecast_error;needs_refactor;2025-12-15T14:37:59Z;2025-12-01T18:32:33-03:00;human;"Reemplazar dummy por datos reales a medida que existan. | [dev_tracker] touched=2 files; tests_ok=False; ts=2025-12-13T18:41:25Z | [dev_tracker] touched=2 files; tests_ok=True; ts=2025-12-13T19:23:25Z | [dev_tracker] touched=2 files; tests_ok=True; ts=2025-12-13T19:40:50Z | [dev_tracker] touched=2 files; tests_ok=False; ts=2025-12-15T13:37:27Z | [dev_tracker] touched=2 files; tests_ok=False; ts=2025-12-15T13:38:07Z | [dev_tracker] touched=2 files; tests_ok=True; ts=2025-12-15T14:37:59Z";agents/psd_ingest/main.py;beta_active;1.000;0.600;0;0;0.000;13
O4;Editorial & Storytelling;report_builder;development;v0.1;P2;4;Narrador;;Armar reportes MD o HTML desde integrator y series;Generador de informes estï¿½?ï¿½ï¿½ï¿½ï¿½ndar;integrator, series en master.db;reports/build/*.md y HTML;report_builder;-;master_db;reports_generated,delivery_success_rate,latency_seconds,user_reads;needs_refactor;2025-12-15T14:37:59Z;2025-11-11T17:43:19-03:00;human;"Unificar formatos de salida para mï¿½?ï¿½ï¿½ï¿½ï¿½ltiples clientes. | [dev_tracker] touched=2 files; tests_ok=False; ts=2025-12-13T18:41:25Z | [dev_tracker] touched=2 files; tests_ok=True; ts=2025-12-13T19:23:25Z | [dev_tracker] touched=2 files; tests_ok=True; ts=2025-12-13T19:40:50Z | [dev_tracker] touched=2 files; tests_ok=False; ts=2025-12-15T13:37:27Z | [dev_tracker] touched=2 files; tests_ok=False; ts=2025-12-15T13:38:07Z | [dev_tracker] touched=2 files; tests_ok=True; ts=2025-12-15T14:37:59Z";agents/report_builder/main.py;beta_active;1.000;0.600;0;0;0.000;33
O3;Research / Deals;research_rag;development;v0.2;P2;2;Investigador;;Hacer RAG sobre documentos de research propios;Motor de QA sobre research institucional;corpus de research en archivos y DB;respuestas, resï¿½?ï¿½ï¿½ï¿½ï¿½menes y citas en artifacts/research_rag/*.json;research_daily;futuro fact_research_doc;master_db;items_enriched,coverage_ratio,error_rate,latency_seconds;needs_refactor;2025-12-15T14:37:59Z;2025-11-07T18:05:47-03:00;human;"Indexar corpus en master.db para queries mï¿½?ï¿½ï¿½ï¿½ï¿½s potentes. | [dev_tracker] touched=3 files; tests_ok=False; ts=2025-12-13T18:41:25Z | [dev_tracker] touched=3 files; tests_ok=True; ts=2025-12-13T19:23:25Z | [dev_tracker] touched=3 files; tests_ok=True; ts=2025-12-13T19:40:50Z | [dev_tracker] touched=3 files; tests_ok=False; ts=2025-12-15T13:37:27Z | [dev_tracker] touched=3 files; tests_ok=False; ts=2025-12-15T13:38:07Z | [dev_tracker] touched=3 files; tests_ok=True; ts=2025-12-15T14:37:59Z";agents/research_rag/main.py;beta_active;1.000;0.600;0;0;0.000;37
O6;Market;research_rag (ya listado);development;v0.2;P2;2;Investigador;;RAG sobre documentos de research para mercado;Q and A especializado para anï¿½?ï¿½ï¿½ï¿½ï¿½lisis financiero;corpus de research, factsheets y reports;respuestas y resï¿½?ï¿½ï¿½ï¿½ï¿½menes en artifacts/research_rag_market/*.json;research_daily;futuro fact_research_doc;master_db;items_enriched,coverage_ratio,error_rate,latency_seconds;v0.2;9/12/2025;;;Ver definiciï¿½?ï¿½ï¿½ï¿½ï¿½n general de research_rag en O3.;;beta_active;1.000;0.500;0;0;0.000;
O3;Research / Deals;research_scout;development;v0.2;P1;1 o2;Scout;;Radar de noticias de M&A y regulaciï¿½?ï¿½ï¿½ï¿½ï¿½n;Detector de deals y cambios regulatorios;RSS, sitios legales, fuentes sectoriales;artifacts/research_scout/*.json con candidatos;research_daily;fact_rss_item y enrich;master_db,rss_feeds;docs_indexed,questions_answered,user_satisfaction;needs_refactor;2025-12-15T14:37:59Z;2025-11-11T17:43:19-03:00;human;"Conectar duro a loader_rss y NLP para mejorar recall. | [dev_tracker] touched=2 files; tests_ok=False; ts=2025-12-13T18:41:25Z | [dev_tracker] touched=2 files; tests_ok=True; ts=2025-12-13T19:23:25Z | [dev_tracker] touched=2 files; tests_ok=True; ts=2025-12-13T19:40:50Z | [dev_tracker] touched=2 files; tests_ok=False; ts=2025-12-15T13:37:27Z | [dev_tracker] touched=2 files; tests_ok=False; ts=2025-12-15T13:38:07Z | [dev_tracker] touched=2 files; tests_ok=True; ts=2025-12-15T14:37:59Z";agents/research_scout/main.py;beta_active;1.000;0.600;0;0;0.000;33
O5;Ingesta genï¿½?ï¿½ï¿½ï¿½ï¿½rica;rss_ingestor (rss_agent);development;v0.1;P1;1;Recolector;;Descargar RSS y serializar en artifacts/rss con esquema consistente;Radar genï¿½?ï¿½ï¿½ï¿½ï¿½rico de noticias multi sector;feeds RSS configurados, HTTP;archivos artifacts/rss/*.json con entradas normalizadas;rss_daily, macro_global_daily, research_daily;-;rss_feeds;rows_processed,error_rate,latency_seconds,data_freshness_days;v0.1;9/12/2025;;;Mantener coherencia de schema con loader_rss.;;beta_active;1.000;0.500;0;0;0.000;
O3;Research / Deals;sales_copilot;development;stub;P3;4;Narrador;;Asistir comercialmente usando reports y datos;Copilot de ventas y pitches;reports existentes, KPIs, outputs de deals;guiones, bullets y decks base en reports/sales_copilot/*.md;sales_copilot_lab;-;research_docs;reports_generated,delivery_success_rate,latency_seconds,user_reads;stub;9/12/2025;2025-11-03T11:54:15-03:00;;Integrar con editorial y prompt_guru.;agents/sales_copilot/__init__.py;stub_prototype;1.000;0.500;0;0;0.000;41
O4;Editorial & Storytelling;satire_storyboard;development;v0.1;P3;4;Narrador;;Construir storyboards satï¿½?ï¿½ï¿½ï¿½ï¿½ricos desde social y macro;Producto lï¿½?ï¿½ï¿½ï¿½ï¿½dico y alternativo;social_sentiment, macro_watcher, integrator;guiones y escenas en reports/satire/*.md;satire_daily;-;social_media;reports_generated,delivery_success_rate,latency_seconds,user_reads;needs_refactor;2025-12-15T14:37:59Z;2025-11-11T16:10:16-03:00;human;"Conectar a motores de video o animaciï¿½?ï¿½ï¿½ï¿½ï¿½n en el futuro. | [dev_tracker] touched=2 files; tests_ok=False; ts=2025-12-13T18:41:25Z | [dev_tracker] touched=2 files; tests_ok=True; ts=2025-12-13T19:23:25Z | [dev_tracker] touched=2 files; tests_ok=True; ts=2025-12-13T19:40:50Z | [dev_tracker] touched=2 files; tests_ok=False; ts=2025-12-15T13:37:27Z | [dev_tracker] touched=2 files; tests_ok=False; ts=2025-12-15T13:38:07Z | [dev_tracker] touched=2 files; tests_ok=True; ts=2025-12-15T14:37:59Z";agents/satire_storyboard/main.py;beta_active;1.000;0.600;0;0;0.000;33
O2;GEO / SEGEMAR;segemar_catalog;development;v0.1;P2;1 o2;Recolector;;Construir catï¿½ï¿½logo RSS de publicaciones SEGEMAR;Base geolï¿½ï¿½gica-minera para datasets y modelos de prospecciï¿½ï¿½n;RSS institucional de repositorio SEGEMAR;JSON de catï¿½ï¿½logo geolï¿½ï¿½gico-minero en artifacts/segemar/*.json;segemar_catalog_daily;raw_segemar_catalog (futura);;;needs_refactor;2025-12-15T14:37:59Z;;human;"Primera versiï¿½ï¿½n RSS-based | [dev_tracker] touched=1 files; tests_ok=False; ts=2025-12-13T18:41:25Z | [dev_tracker] touched=1 files; tests_ok=True; ts=2025-12-13T19:23:25Z | [dev_tracker] touched=1 files; tests_ok=True; ts=2025-12-13T19:40:50Z | [dev_tracker] touched=1 files; tests_ok=False; ts=2025-12-15T13:37:27Z | [dev_tracker] touched=1 files; tests_ok=False; ts=2025-12-15T13:38:07Z | [dev_tracker] touched=1 files; tests_ok=True; ts=2025-12-15T14:37:59Z";;;1.000;0.600;0;0;0.000;
O2;GEO / SEGEMAR;segemar_geo_loader;development;v0.1;P2;2;Loader;;Construir ï¿½ï¿½ndice geolï¿½ï¿½gico-minero desde catï¿½ï¿½logo SEGEMAR;Spine de geologï¿½ï¿½a/minerï¿½ï¿½a para integrar con Nexus y datasets O6;segemar_catalog JSON en artifacts/segemar/*.json;geo_index.csv y JSON con score_geo y tags geolï¿½ï¿½gicos;segemar_geo_daily;fact_segemar_geo_index (futura);;;needs_refactor;2025-12-15T14:37:59Z;;human;"Falta guardar en DB | [dev_tracker] touched=1 files; tests_ok=False; ts=2025-12-13T18:41:25Z | [dev_tracker] touched=1 files; tests_ok=True; ts=2025-12-13T19:23:25Z | [dev_tracker] touched=1 files; tests_ok=True; ts=2025-12-13T19:40:50Z | [dev_tracker] touched=1 files; tests_ok=False; ts=2025-12-15T13:37:27Z | [dev_tracker] touched=1 files; tests_ok=False; ts=2025-12-15T13:38:07Z | [dev_tracker] touched=1 files; tests_ok=True; ts=2025-12-15T14:37:59Z";;;1.000;0.600;0;0;0.000;
O4/O5;NLP enriquecedor;sentiment_analyzer (sentiment);development;v0.1;P1;2;Enriquecedor;;Calcular sentimiento bï¿½?ï¿½ï¿½ï¿½ï¿½sico de textos;Indicadores rï¿½?ï¿½ï¿½ï¿½ï¿½pidos de tono del mercado y macro;texto de noticias, redes sociales y reports;artifacts/sentiment/*.json con scores;sentiment_daily, macro_global_daily;futuro fact_text_enriched;master_db,social_media;items_enriched,coverage_ratio,error_rate,latency_seconds;v0.1;9/12/2025;;;Clave para social_sentiment y macro_watcher.;;beta_active;1.000;0.500;0;0;0.000;
O2;Series API;series_downloader;development;idea/plan;P0;2 o3;Series API;;Bajar series por series_id desde APIs oficiales;Cliente unificado de series macro;config de series_id, APIs de series y master.db;series en fact_series y metadatos en dim_series;series_refresh_daily;dim_series, fact_series;external_apis,master_db;series_updated,data_freshness_days,forecast_error;idea/plan;9/12/2025;;;Clave para vitality score y modelos macro generalizados.;;idea_stage;1.000;0.500;0;0;0.000;
O2;Series API;series_vitality_score;development;idea/plan;P0;6;Vitalidad;;Calcular vitalidad de cada serie por frecuencia y actualizaciï¿½?ï¿½ï¿½ï¿½ï¿½n;KPI para saber quï¿½?ï¿½ï¿½ï¿½ï¿½ series estï¿½?ï¿½ï¿½ï¿½ï¿½n vivas y ï¿½?ï¿½ï¿½ï¿½ï¿½tiles;fact_series y dim_series;registros en fact_series_vitality;series_vitality_daily;fact_series_vitality;master_db;series_updated,data_freshness_days,forecast_error;idea/plan;9/12/2025;;;Alimentar governor y kpi_global con informaciï¿½?ï¿½ï¿½ï¿½ï¿½n de uso y actualidad.;;idea_stage;1.000;0.500;0;0;0.000;
O4;Editorial & Storytelling;social_sentiment;development;v0.1;P2;1 o2;Enriquecedor;;Medir sentimiento y temas en redes sociales;Indicador de clima social y de mercado;feeds de X Twitter u otras redes, APIs sociales;fact_social_sentiment y artifacts/social_sentiment/*.json;social_daily;futuro fact_social_sentiment;external_apis,master_db,social_media;items_enriched,coverage_ratio,error_rate,latency_seconds;needs_refactor;2025-12-15T14:37:59Z;2025-11-06T12:02:53-03:00;human;"Integrar con trend_detector y editorial. | [dev_tracker] touched=2 files; tests_ok=False; ts=2025-12-13T18:41:25Z | [dev_tracker] touched=2 files; tests_ok=True; ts=2025-12-13T19:23:25Z | [dev_tracker] touched=2 files; tests_ok=True; ts=2025-12-13T19:40:50Z | [dev_tracker] touched=2 files; tests_ok=False; ts=2025-12-15T13:37:27Z | [dev_tracker] touched=2 files; tests_ok=False; ts=2025-12-15T13:38:07Z | [dev_tracker] touched=2 files; tests_ok=True; ts=2025-12-15T14:37:59Z";agents/social_sentiment/main.py;beta_active;1.000;0.600;0;0;0.000;38
O2;EPH / Nexus;socio_fuse;development;v0.1;P1;2;Fusionador;;Fusionar socioeconï¿½?ï¿½ï¿½ï¿½ï¿½mico y digital en una sola tabla;Base de panel Nexus;socioeconï¿½?ï¿½ï¿½ï¿½ï¿½mico de EPH y digital de CDC y telecom;data/nexus/socio_fused.parquet y futuro fact_socio_panel;socio_fuse_run_daily;data/nexus/socio_fused.parquet, futura fact_socio_panel;cdc_prices_telecom,eph_microdata,master_db,nexus_parquets;series_updated,data_freshness_days,forecast_error;needs_refactor;2025-12-15T14:37:59Z;2025-12-01T18:32:33-03:00;human;"Luego guardar join final en master.db para consultas directas. | [dev_tracker] touched=2 files; tests_ok=False; ts=2025-12-13T18:41:25Z | [dev_tracker] touched=2 files; tests_ok=True; ts=2025-12-13T19:23:25Z | [dev_tracker] touched=2 files; tests_ok=True; ts=2025-12-13T19:40:50Z | [dev_tracker] touched=2 files; tests_ok=False; ts=2025-12-15T13:37:27Z | [dev_tracker] touched=2 files; tests_ok=False; ts=2025-12-15T13:38:07Z | [dev_tracker] touched=2 files; tests_ok=True; ts=2025-12-15T14:37:59Z";agents/socio_fuse/main.py;beta_active;1.000;0.600;0;0;0.000;13
O4/O5;NLP enriquecedor;topic_tagger (topics);development;v0.1;P1;2;Enriquecedor;;Asignar temas por reglas y keywords a cada texto;Permitir queries temï¿½?ï¿½ï¿½ï¿½ï¿½ticas rï¿½?ï¿½ï¿½ï¿½ï¿½pidas por tï¿½?ï¿½ï¿½ï¿½ï¿½pico;texto proveniente de RSS, research y social;artifacts/topics/*.json con tags temï¿½?ï¿½ï¿½ï¿½ï¿½ticos;topics_daily;futuro fact_text_enriched;calendar_feeds,master_db,rss_feeds,social_media;items_enriched,coverage_ratio,error_rate,latency_seconds;v0.1;9/12/2025;;;Luego indexar por topic en DB para queries de research.;;beta_active;1.000;0.500;0;0;0.000;
O1;Cripto & ML Trading;trading_alpha;development;idea/plan;P3;2 o3;Analista;;Diseï¿½?ï¿½ï¿½ï¿½ï¿½ar features y seï¿½?ï¿½ï¿½ï¿½ï¿½ales avanzadas de mercado;Laboratorio de alpha signals;fact_crypto_ohlcv, order book, on chain si existe;catalogo de features experimentales y evaluaciones;trading_alpha_lab;-;crypto_prices,master_db;items_enriched,coverage_ratio,error_rate,latency_seconds;idea/plan;9/12/2025;2025-11-03T11:54:15-03:00;;Definir set inicial de features y testear su aporte incremental.;agents/trading_alpha/__init__.py;idea_stage;1.000;0.500;0;0;0.000;41
O4/O5;NLP enriquecedor;trend_detector (trends);development;v0.1;P1;2;Enriquecedor;;Detectar tendencias por frecuencia de temas en el tiempo;Seï¿½?ï¿½ï¿½ï¿½ï¿½ales de cambio de narrativa e interï¿½?ï¿½ï¿½ï¿½ï¿½s;series de topics por dï¿½?ï¿½ï¿½ï¿½ï¿½a y fuente;artifacts/trends/*.json con frecuencias y scores;trends_daily;futuro fact_trend_signal;calendar_feeds,master_db;items_enriched,coverage_ratio,error_rate,latency_seconds;v0.1;9/12/2025;;;Guardar series en DB para anï¿½?ï¿½ï¿½ï¿½ï¿½lisis temporal robusto.;;beta_active;1.000;0.500;0;0;0.000;
O5;Infra / I/O & Export;ui_server;development;stub;P3;5;UI;;Proveer un panel mï¿½?ï¿½ï¿½ï¿½ï¿½nimo para lanzar jobs y ver estado;Interfaz web bï¿½?ï¿½ï¿½ï¿½ï¿½sica para uso interno;master.db para estados y definiciones, orquestador para acciones;pantallas HTML o frontend liviano con estado y botones;ui_server;-;master_db;reports_generated,delivery_success_rate,latency_seconds,user_reads;needs_refactor;2025-12-15T14:37:59Z;2025-11-11T17:43:19-03:00;human;"Rehacer una vez estabilizado master.db y AGENTS_REGISTRY. | [dev_tracker] touched=1 files; tests_ok=False; ts=2025-12-13T18:41:25Z | [dev_tracker] touched=1 files; tests_ok=True; ts=2025-12-13T19:23:25Z | [dev_tracker] touched=1 files; tests_ok=True; ts=2025-12-13T19:40:50Z | [dev_tracker] touched=1 files; tests_ok=False; ts=2025-12-15T13:37:27Z | [dev_tracker] touched=1 files; tests_ok=False; ts=2025-12-15T13:38:07Z | [dev_tracker] touched=1 files; tests_ok=True; ts=2025-12-15T14:37:59Z";agents/ui_server/main.py;stub_prototype;1.000;0.600;0;0;0.000;33
O5;Infra / I/O & Export;viz_dashboard;development;stub;P2;5;Dashboard;;Dashboard tipo Streamlit para estado y mï¿½?ï¿½ï¿½ï¿½ï¿½tricas de agentes;Producto rï¿½?ï¿½ï¿½ï¿½ï¿½pido para demos y monitoreo;tablas de KPIs en master.db, artifacts de estado;grï¿½?ï¿½ï¿½ï¿½ï¿½ficos y tablas interactivas de estado y performance;viz_dashboard;vistas de estado sobre master.db;artifacts_fs,master_db;reports_generated,delivery_success_rate,latency_seconds,user_reads;needs_refactor;2025-12-15T14:37:59Z;2025-12-12T15:29:38-03:00;human;"Debe alinearse con kpi_global y governor. | [dev_tracker] touched=31 files; tests_ok=False; ts=2025-12-13T18:41:25Z | [dev_tracker] touched=31 files; tests_ok=True; ts=2025-12-13T19:23:25Z | [dev_tracker] touched=31 files; tests_ok=True; ts=2025-12-13T19:40:50Z | [dev_tracker] touched=31 files; tests_ok=False; ts=2025-12-15T13:37:27Z | [dev_tracker] touched=31 files; tests_ok=False; ts=2025-12-15T13:38:07Z | [dev_tracker] touched=31 files; tests_ok=True; ts=2025-12-15T14:37:59Z";agents/viz_dashboard/__init__.py;stub_prototype;1.000;0.600;0;0;0.000;2
